battery_power,blue,clock_speed,dual_sim,fc,four_g,int_memory,m_dep,mobile_wt,n_cores,pc,px_height,px_width,ram,sc_h,sc_w,talk_time,three_g,touch_screen,wifi,price_range
1029,1,1.1,1,3,1,34,0.4,101,4,6,607,1932,2616,9,14,18,0,0,1,2
1807,1,1.9,1,3,1,54,0.8,171,4,8,1201,854,1894,9,3,16,0,0,0,2
1116,0,2.4,1,4,0,55,0.5,80,7,14,184,1169,3924,10,4,6,1,1,1,3
1893,1,2.1,0,5,0,58,0.2,177,1,3,1559,1582,894,5,0,12,0,1,0,1
1409,0,2.7,1,12,0,48,0.6,182,3,14,949,843,566,17,14,18,1,0,0,0
603,1,2.3,0,5,1,39,0.5,129,2,2,1434,723,3085,18,12,5,0,1,1,2
1445,1,2.0,0,6,1,60,0.1,163,8,19,1649,961,3911,18,2,9,1,0,1,3
1741,0,0.8,0,7,1,50,0.2,191,6,12,925,841,3332,14,12,13,1,1,1,3
1688,1,1.1,0,1,1,3,0.4,191,1,20,1417,1474,2226,8,10,2,0,0,0,2
1380,1,2.8,0,4,0,25,0.9,150,1,1,1582,1652,2292,6,14,7,0,0,0,2
661,0,2.2,0,6,1,7,1.0,138,8,5,907,1659,1016,6,14,9,1,0,0,0
1055,0,0.6,0,5,0,38,0.8,182,7,4,697,1505,3506,6,2,8,0,0,1,3
1812,0,0.8,1,9,1,21,0.2,95,7,18,118,1406,3957,7,13,18,0,1,0,3
1439,0,0.8,1,19,0,37,0.7,182,7,2,1356,767,3660,17,6,12,1,0,1,3
806,1,2.3,0,3,0,49,0.6,156,4,17,12,1849,3226,19,0,20,1,0,1,2
680,0,1.0,1,16,0,55,0.6,103,1,6,1333,1464,1381,6,7,10,1,1,1,1
892,0,1.6,1,11,0,9,0.6,133,2,14,1591,1727,1917,12,7,17,1,0,1,1
1557,0,2.2,1,13,1,18,0.8,156,6,15,1297,1307,3101,13,0,17,1,1,1,3
1424,1,2.0,1,3,0,26,1.0,167,2,18,23,598,668,14,12,13,0,0,0,0
869,0,2.3,0,5,1,39,0.4,143,2,6,1257,1744,433,16,0,17,1,1,1,0
938,1,2.5,1,2,0,41,0.8,157,5,1,1279,1913,2315,13,15,20,1,0,0,2
514,1,2.2,1,6,0,2,0.3,93,8,2,1632,1950,900,9,7,7,0,0,0,0
1836,0,2.1,0,5,0,23,0.9,98,3,15,1498,800,1629,7,7,15,0,1,0,1
1119,0,2.8,0,10,1,41,0.6,161,8,13,140,1296,1528,13,0,20,1,0,1,1
1016,0,1.0,0,19,0,52,0.9,167,3,11,791,1343,292,6,9,17,1,0,0,0
569,0,0.8,1,13,1,18,0.2,115,3,2,1737,874,1152,19,11,20,0,1,0,0
1472,0,1.2,1,6,0,40,0.3,171,5,18,950,866,3995,9,15,4,1,0,1,3
1800,0,2.1,0,5,1,32,1.0,94,4,13,1711,813,2296,17,8,17,0,1,1,2
507,0,1.8,0,13,1,37,0.2,82,3,2,1433,1064,3261,17,12,20,1,1,0,2
1513,0,2.0,0,16,1,58,0.9,197,1,12,1521,1966,2367,9,12,14,1,0,0,3
564,0,1.5,0,18,0,2,0.5,104,4,17,1436,951,3045,6,13,16,0,1,0,2
505,1,3.0,1,12,1,33,1.0,142,2,14,1804,1483,804,7,1,3,0,1,1,0
892,0,2.0,1,11,1,38,1.0,159,3,15,242,1477,270,11,17,2,0,0,0,0
1704,0,2.7,0,13,0,20,0.3,128,7,20,1834,987,499,19,13,6,1,0,0,1
1256,1,1.5,0,16,1,64,0.4,130,6,14,488,1842,2530,19,16,15,0,0,1,2
1852,0,0.7,1,8,1,3,0.9,108,1,5,916,1313,3715,12,2,2,0,1,0,3
1547,0,1.4,1,9,1,59,0.9,188,4,3,421,846,2323,7,10,18,1,0,0,2
1155,0,2.8,1,17,1,20,0.6,168,1,2,60,721,635,16,6,18,1,1,1,0
1350,0,0.7,0,12,0,33,0.6,117,7,4,558,1769,3750,6,17,7,1,0,1,3
1021,1,2.4,0,7,1,61,0.5,190,1,13,1938,957,1137,5,7,11,1,0,0,1
1687,1,0.9,1,9,1,13,0.3,164,2,7,635,1055,959,11,16,17,0,0,0,0
1731,0,0.9,1,8,0,22,0.8,177,1,19,394,539,2203,17,6,5,0,1,0,1
674,1,0.9,0,12,0,60,1.0,178,4,17,360,541,2848,5,1,20,0,0,1,2
1676,0,2.2,1,8,0,3,0.3,83,6,10,795,936,985,5,8,5,0,1,0,0
1030,0,1.9,1,18,0,33,0.9,92,6,2,1160,757,2589,7,14,14,0,0,0,2
594,0,1.2,1,14,1,40,0.2,160,4,14,1861,788,3784,5,7,16,0,0,1,3
1067,0,0.9,1,1,1,12,0.3,138,4,1,1475,1725,1304,18,4,7,0,1,0,0
621,1,1.3,1,13,1,48,0.2,164,4,2,1751,813,3070,15,7,14,1,0,1,2
882,0,1.5,1,8,1,62,0.5,147,3,17,756,1339,445,15,4,20,0,0,0,0
852,1,2.0,0,9,0,32,0.8,154,2,8,767,953,2279,11,4,13,1,0,1,1
644,1,2.8,0,6,0,13,0.4,89,3,14,1330,1474,1620,9,13,16,1,1,1,1
806,0,2.4,1,1,0,59,0.3,115,3,7,665,1185,3876,10,16,14,1,1,1,3
1329,1,2.4,0,16,0,46,0.4,187,3,15,71,1194,1770,14,11,18,0,1,1,1
613,1,1.5,0,17,1,36,0.3,146,1,5,156,596,2458,5,3,4,0,1,1,1
1937,1,1.3,1,0,1,64,0.4,166,7,1,1529,507,2840,10,3,11,1,0,1,3
642,0,1.2,0,10,1,54,0.6,95,8,8,1758,1561,779,8,12,14,0,0,1,1
525,1,2.6,1,1,0,18,0.8,94,5,19,548,1454,1645,17,2,12,0,0,1,1
1247,1,1.7,1,2,1,19,0.2,193,2,13,409,1744,3279,10,2,9,0,1,0,2
879,1,0.6,1,5,1,21,0.6,161,3,19,1931,1428,1473,5,16,17,0,0,1,1
1018,1,0.9,0,16,1,47,0.9,97,5,16,1434,1852,1347,13,14,4,1,1,0,1
1737,0,2.8,0,17,1,40,0.5,199,2,5,1459,545,1176,10,6,12,1,1,0,1
1057,0,1.0,1,4,0,36,1.0,99,4,19,1938,1034,3070,6,4,15,1,0,1,3
791,1,1.3,1,19,1,61,0.2,137,7,5,779,783,761,6,4,13,0,1,1,0
1887,0,2.7,0,7,0,20,0.1,190,7,2,730,1286,2332,17,17,10,1,1,0,2
627,1,1.8,1,1,1,55,0.3,181,3,14,435,1931,926,18,13,4,1,1,1,0
1848,1,0.6,0,2,0,32,0.4,176,7,15,953,1133,2021,11,2,18,0,0,0,2
1017,0,2.2,0,5,1,29,0.2,120,4,3,727,1228,3307,15,15,15,1,0,1,2
1672,1,1.7,0,2,0,61,1.0,197,1,20,1796,1701,762,12,7,9,0,1,0,2
1635,1,1.6,1,3,1,55,0.1,171,7,11,1411,834,3390,7,5,3,1,1,1,3
1001,0,2.9,1,10,1,30,0.9,169,6,20,153,1549,1186,9,7,16,1,1,0,0
1638,0,2.5,0,2,0,44,0.7,194,3,10,1616,797,3077,7,17,7,1,1,0,3
1031,1,2.9,1,18,1,36,0.9,148,2,18,1395,1724,425,5,2,11,0,0,0,0
1049,0,1.5,1,13,0,18,0.2,159,3,15,1084,731,2708,11,12,13,1,1,1,2
695,0,2.5,0,16,0,11,0.8,114,6,15,241,500,951,9,8,10,0,0,0,0
858,1,2.9,0,13,0,49,0.6,164,5,14,1177,1872,1351,14,15,5,0,1,0,1
1200,1,2.3,1,12,1,16,0.5,127,1,16,657,1145,1079,18,7,8,0,0,1,0
593,0,1.3,0,16,0,22,0.5,100,8,9,1485,1885,2094,10,10,19,0,1,1,2
1135,1,0.6,1,14,1,45,0.7,161,1,5,1035,917,2910,17,7,19,1,0,0,2
820,0,1.8,0,1,0,23,0.5,165,2,18,393,950,2898,12,13,12,0,0,1,2
1595,0,1.1,0,10,0,63,0.9,172,2,1,32,744,3560,19,1,14,0,1,1,3
631,1,2.7,1,15,1,55,0.6,157,4,18,125,825,1929,7,6,13,1,1,0,1
870,1,1.8,1,7,0,42,0.9,191,2,13,50,1499,1138,14,15,14,0,0,1,0
1380,1,1.1,1,4,0,11,0.8,116,6,6,604,890,2199,13,11,18,0,0,0,1
910,1,0.9,1,0,0,23,0.9,187,2,2,1119,1375,3465,7,14,4,0,0,0,2
1834,0,0.6,0,11,1,63,0.3,183,5,19,1361,1437,617,15,9,2,1,1,1,1
884,1,1.0,1,0,0,4,0.8,182,2,12,524,602,3860,5,6,8,0,1,1,2
829,1,2.5,0,9,0,45,0.4,106,3,14,150,1911,2791,15,4,14,0,1,1,2
684,0,2.8,1,17,0,34,0.7,148,6,15,1331,1326,2867,12,8,18,1,0,1,3
1198,1,1.8,0,12,1,20,0.8,127,8,11,1198,1798,3109,14,11,11,1,1,1,3
936,0,0.7,0,0,1,60,0.1,133,3,17,1240,1423,1684,15,6,18,1,0,0,1
940,0,2.6,1,6,1,51,0.3,117,7,6,893,766,496,15,11,10,1,0,1,0
1242,0,2.4,1,17,0,57,0.7,142,6,1,1608,1993,3566,9,1,6,1,0,1,3
1621,0,2.8,0,10,0,17,0.5,181,7,15,98,1485,593,16,12,13,0,0,0,0
1081,0,1.9,1,5,1,17,0.8,141,1,13,681,698,3074,16,13,3,0,1,1,2
646,1,1.2,0,11,0,22,0.4,128,3,11,1332,608,896,8,4,9,1,0,1,0
565,1,1.5,1,6,0,32,0.2,96,8,6,167,1789,2236,9,16,12,1,1,0,1
1480,1,2.3,1,7,1,8,0.2,134,1,10,1716,530,2315,12,6,13,1,1,1,1
1007,0,1.5,1,3,1,44,0.3,102,8,8,1613,616,1167,5,5,18,0,1,0,1
1153,0,2.7,1,14,1,2,0.8,154,1,4,1935,784,548,16,2,2,1,1,0,0
1988,0,1.9,0,6,0,44,0.8,185,3,7,580,1504,1214,7,0,14,0,0,1,1
1504,1,1.7,1,11,1,63,0.9,155,8,16,195,1696,3655,9,12,3,0,0,0,3
1410,0,1.9,1,1,1,48,0.7,131,5,17,552,983,3982,17,7,17,0,1,0,3
1859,1,1.2,0,7,0,47,0.7,112,7,11,1217,1764,2809,14,11,11,0,0,1,3
1832,0,1.4,0,18,0,26,0.3,160,8,2,945,1649,262,10,11,17,0,0,0,0
716,0,0.5,0,15,0,19,0.9,100,3,16,1834,884,2053,14,0,19,0,1,0,1
1647,1,1.2,0,9,0,55,0.5,125,8,11,317,1751,397,19,12,16,1,1,0,0
705,1,0.7,1,18,1,11,0.1,107,1,15,784,1723,1635,13,6,10,1,0,0,0
1112,0,1.0,1,4,0,60,0.3,192,1,7,1412,810,1771,19,14,15,1,1,0,1
1859,1,0.9,0,12,0,27,0.2,161,3,4,1926,844,691,5,14,9,1,0,1,0
1004,1,2.8,1,6,1,63,0.3,182,2,3,1178,962,1622,11,13,14,1,1,1,1
1521,0,2.0,0,9,1,5,0.8,80,7,16,554,797,2465,7,10,10,0,1,0,2
1656,0,1.1,1,10,0,42,0.6,175,3,9,485,1337,2995,17,8,15,0,1,1,2
1946,1,1.8,1,7,0,27,0.5,184,1,4,949,1671,2623,17,3,2,1,1,0,2
1576,1,2.8,1,5,1,42,0.2,120,8,6,1520,1241,1783,16,17,18,1,0,0,2
1528,0,0.5,1,17,1,2,0.6,135,5,12,704,1722,3908,5,15,18,0,0,1,3
602,0,1.6,0,10,0,8,0.3,116,1,9,967,1123,3426,9,5,5,0,0,1,2
1954,0,2.9,0,13,1,57,0.8,181,7,8,952,1385,3499,16,9,3,1,1,0,3
1200,0,2.4,0,18,0,44,0.9,95,6,13,1655,1929,1762,5,17,9,1,1,0,2
1846,0,0.8,0,15,1,51,0.8,117,8,10,1368,1037,363,7,0,4,0,0,0,0
937,1,0.6,0,2,0,2,0.6,157,3,19,1784,508,2283,6,2,14,1,1,0,1
1820,1,2.5,0,12,0,35,1.0,176,8,0,213,1161,1206,12,10,8,0,1,1,1
1694,0,2.2,0,1,1,61,0.8,171,3,14,276,1442,2875,6,3,11,1,1,0,3
1739,1,1.6,0,6,1,5,0.4,157,4,13,1660,1391,3268,18,2,20,1,0,0,3
1926,1,1.8,1,17,0,29,0.5,87,6,19,716,1684,507,5,0,17,1,1,1,1
1487,0,1.1,1,2,1,35,0.9,184,8,4,1346,1500,1014,11,16,13,0,1,0,1
1139,1,1.8,0,19,1,7,0.1,153,6,13,864,1539,1154,15,2,12,1,0,1,0
1148,0,0.6,0,18,1,14,0.3,117,1,1,490,1446,502,9,5,5,0,1,1,0
622,0,1.7,0,15,1,61,0.6,174,1,6,1345,1184,1101,10,9,7,1,0,0,0
1727,1,1.9,0,6,0,18,0.6,81,4,19,1540,918,2014,10,1,8,1,1,0,2
1997,1,2.3,1,16,0,6,0.7,84,2,2,1382,1129,2985,15,3,11,0,0,1,2
583,0,1.3,0,19,0,62,0.2,140,8,5,1462,1773,755,17,3,16,1,1,1,1
1980,0,3.0,0,4,1,58,0.8,157,1,19,1450,831,996,14,2,4,0,1,0,1
669,1,1.3,0,18,1,25,0.4,136,7,3,1155,1469,2626,17,7,8,0,1,1,2
1186,1,2.6,0,5,1,45,0.6,128,7,14,594,868,1916,9,13,18,1,1,1,2
1403,0,2.9,0,7,1,30,0.3,139,7,1,123,545,2004,6,3,19,0,0,0,1
788,0,1.9,1,17,0,9,0.9,187,2,14,377,550,1585,8,10,14,0,0,1,0
1981,0,3.0,0,11,1,57,0.1,143,7,15,96,1775,2789,13,5,14,1,1,0,3
1044,0,2.9,1,10,0,14,0.8,180,4,9,1625,876,3004,12,2,7,0,1,0,2
1317,1,1.3,1,12,1,58,0.6,86,1,15,1828,1422,3368,7,17,3,0,1,1,3
1500,1,2.9,0,1,1,12,0.4,126,3,1,1287,1491,2623,17,5,17,0,1,1,2
861,0,1.1,1,13,0,18,0.1,144,6,7,1798,929,2917,17,17,4,0,0,1,2
883,0,1.5,1,16,1,62,0.5,150,8,9,814,1080,1098,14,16,13,0,1,1,1
876,1,0.9,0,5,1,46,0.9,137,8,20,60,569,2835,7,9,6,1,1,0,2
1403,1,2.0,0,14,0,29,1.0,98,5,8,609,659,1248,17,12,15,0,0,0,0
1712,0,0.6,1,2,0,25,0.8,156,7,20,129,767,646,10,7,13,1,0,1,0
1500,1,0.5,0,6,1,10,0.7,96,6,0,1669,1674,3014,7,16,11,0,0,1,3
895,1,2.1,1,13,1,48,0.8,148,1,5,1271,526,649,11,0,17,1,1,0,0
1992,1,2.6,1,10,0,31,0.6,165,2,14,617,1708,1043,16,15,5,1,1,1,1
1344,0,2.1,1,4,0,59,0.5,144,5,2,1305,666,427,12,11,9,1,0,1,0
1688,0,2.0,0,15,0,23,0.4,154,7,11,574,1840,376,12,15,5,1,0,1,0
1857,0,1.9,0,16,1,35,0.4,107,7,17,1053,815,2485,6,1,14,0,1,1,3
1991,1,1.4,0,14,0,9,0.7,158,8,18,1047,1718,295,9,0,12,0,0,1,0
1760,0,2.5,0,1,0,42,0.5,104,5,11,1107,1031,1772,17,15,7,0,1,1,2
1785,1,0.5,1,19,1,41,0.4,167,6,17,905,1000,3683,9,8,13,0,0,1,3
1415,0,1.1,1,16,0,39,0.3,189,7,4,454,1597,2853,18,14,12,1,0,0,2
1060,0,2.3,0,1,0,15,0.6,115,6,20,1319,1538,2133,7,9,17,1,1,1,2
1260,0,2.7,0,3,0,59,0.4,188,6,17,1110,1930,782,16,13,11,0,1,0,1
823,1,3.0,1,4,1,39,0.3,94,6,7,1681,1733,1109,15,7,7,1,1,1,1
1922,1,1.2,0,0,0,30,1.0,87,6,0,1451,1481,3121,13,5,16,0,1,1,3
1235,1,1.0,0,0,1,23,0.5,107,8,11,75,1906,2986,5,2,10,0,0,0,2
1213,1,1.8,1,18,0,55,0.4,135,5,18,619,1512,2102,14,14,8,1,0,1,2
1181,1,2.0,1,4,1,64,0.7,154,3,1,614,1213,3051,7,7,17,0,1,0,3
1915,1,1.9,1,0,1,41,0.9,178,7,8,482,1247,3003,16,13,2,1,0,1,3
734,0,2.3,0,3,1,57,0.9,104,6,6,1867,932,1317,9,15,6,1,0,1,1
611,1,1.5,1,10,0,36,0.3,146,5,3,1452,521,2602,13,4,18,1,0,0,1
1499,1,1.5,0,4,0,59,0.9,123,6,5,816,1506,3612,18,17,7,1,1,1,3
1087,1,2.6,0,12,1,46,0.6,87,3,7,1137,1302,1728,5,17,8,0,0,1,1
1980,0,2.5,0,13,0,33,0.7,141,7,1,577,802,1772,10,5,6,1,0,1,2
1782,0,1.0,1,0,0,27,0.1,101,2,3,1324,542,695,7,14,3,1,1,1,0
1607,0,2.9,1,3,1,33,0.7,80,1,14,32,1311,3111,6,14,18,0,0,1,2
1486,0,1.4,0,10,0,39,0.5,122,8,6,378,1925,2337,8,9,16,0,1,0,2
871,1,1.3,1,8,1,26,0.9,104,7,9,1622,1930,641,5,8,7,0,1,1,0
1922,0,1.7,1,13,0,11,0.7,157,8,17,345,829,1474,16,7,10,0,0,0,1
688,0,1.9,1,11,0,15,0.5,83,2,4,548,628,2467,14,7,10,0,0,1,1
710,0,1.3,1,11,0,38,0.7,161,1,5,378,640,3159,10,9,9,0,0,1,2
758,0,2.1,0,11,1,34,0.9,106,5,0,309,1085,1646,9,5,5,0,0,0,0
614,0,1.3,1,2,0,56,0.8,117,1,5,5,889,922,5,1,5,1,1,1,0
1605,0,1.0,0,8,1,23,0.7,94,3,16,597,1470,3572,10,6,7,1,0,1,3
1934,1,0.5,1,5,0,35,0.2,131,6,5,1787,1931,1289,9,0,14,0,0,1,2
1661,0,1.1,1,15,1,22,0.6,114,5,0,1441,1640,1445,16,17,20,1,1,0,1
1983,0,0.7,1,10,1,15,0.1,188,5,17,10,1508,301,14,0,10,1,1,1,0
1517,0,1.5,0,12,0,11,0.8,92,2,8,199,1432,1486,19,1,4,1,0,1,0
1417,1,1.8,1,18,0,3,0.8,141,7,11,1610,1838,2190,19,15,10,1,1,0,2
1039,1,0.6,0,2,1,9,1.0,168,4,15,787,1734,3301,8,13,7,1,0,1,2
709,0,2.2,1,11,1,55,0.9,191,7,8,645,1269,507,14,7,5,0,0,1,0
1904,1,1.4,1,8,1,37,0.4,99,8,5,663,1660,512,19,8,20,1,0,0,0
1931,1,0.8,0,10,0,41,0.8,135,2,15,1094,1318,1571,10,12,12,1,0,0,2
1783,1,0.9,0,2,1,10,0.4,178,4,11,1323,828,305,18,10,6,0,1,1,0
708,1,2.3,1,12,1,12,0.5,131,1,4,340,1343,3561,7,11,9,0,1,1,2
1762,0,2.8,0,6,1,6,0.7,143,6,5,178,1644,3680,16,12,15,0,1,0,3
1684,1,1.2,0,2,0,29,0.5,185,4,5,249,610,2639,12,0,10,0,0,1,2
849,0,1.0,1,13,0,48,1.0,166,4,20,171,1028,3455,10,4,11,1,0,1,3
790,0,1.0,0,4,0,5,0.6,187,2,0,1101,1784,2388,12,16,19,1,0,0,1
1322,0,0.6,1,19,0,54,0.7,86,3,17,1430,1289,3015,7,9,16,0,0,1,3
547,1,1.1,0,9,0,50,0.6,168,5,7,15,1156,1953,19,4,12,0,0,1,1
1926,1,0.6,1,2,0,10,0.4,151,6,4,1809,1906,2059,10,14,15,0,1,0,2
1047,1,0.7,0,10,1,37,0.6,159,2,13,1131,686,1200,8,13,9,1,0,1,0
951,0,2.8,1,15,1,41,0.2,114,4,5,248,1054,3037,18,16,9,1,1,0,2
1183,1,0.9,1,11,0,37,0.3,192,8,6,64,1859,1173,13,7,17,0,0,1,0
975,1,2.6,0,11,1,53,0.4,90,6,19,1829,1777,2421,17,16,9,0,1,0,3
1002,1,2.6,0,17,1,34,0.7,183,2,7,20,1784,1337,14,8,8,1,0,1,0
1070,0,2.8,0,6,1,37,0.4,100,3,10,620,1127,1880,9,17,7,1,1,0,1
1979,1,0.7,0,15,1,4,0.5,199,2,0,1864,1285,3230,18,14,4,0,0,0,3
592,0,0.5,1,5,1,31,0.9,145,1,6,834,1405,1626,19,2,12,0,0,0,0
1799,0,1.0,1,6,0,38,0.2,96,1,17,1760,1805,3305,9,16,10,1,0,0,3
511,1,2.0,0,10,1,46,0.6,160,1,20,1249,621,3177,10,7,5,1,1,1,2
624,0,2.1,0,9,1,47,0.7,172,2,15,493,1124,2501,13,7,13,1,0,0,2
1531,1,2.1,1,4,1,4,0.6,153,2,6,1802,1744,1118,18,9,13,1,1,0,1
1038,1,1.0,1,3,0,24,0.4,180,1,16,17,1361,2720,12,14,20,0,0,0,1
1978,0,0.8,0,14,1,54,0.1,84,4,7,200,697,3421,19,11,16,0,0,0,3
1845,1,1.7,1,14,1,25,0.9,141,7,0,1081,660,1602,13,0,11,0,1,0,1
1035,1,0.9,1,14,1,16,0.7,175,1,4,17,1999,937,6,2,7,0,0,1,0
763,1,0.7,1,9,0,4,1.0,157,6,16,1814,1831,1525,14,5,7,1,0,1,1
1571,1,0.8,1,17,1,43,0.2,182,2,11,836,1161,2069,9,17,13,0,0,0,2
1520,0,2.6,1,9,0,5,0.7,188,3,18,1581,1030,3577,13,15,18,1,1,1,3
858,1,1.5,0,15,0,56,0.9,177,4,4,362,1003,2012,13,16,15,1,0,1,1
974,0,2.4,0,14,0,25,0.9,108,3,17,413,569,1969,10,15,11,1,0,1,1
1476,1,0.6,0,12,1,17,0.6,119,1,19,815,1207,3670,19,16,2,0,1,0,3
1947,0,2.4,1,3,1,61,0.2,123,6,5,154,1000,999,18,2,18,1,0,1,1
1373,1,2.3,0,7,1,44,0.5,165,7,2,211,1736,3014,6,17,12,0,1,0,2
783,0,0.6,1,19,0,18,0.1,177,6,19,1621,1950,1559,18,3,5,0,1,1,1
1492,1,0.6,0,1,0,41,0.5,105,7,2,860,512,1605,10,4,16,0,1,1,1
1785,1,0.5,1,16,1,53,0.2,190,5,15,259,1540,1163,10,7,7,1,1,1,1
548,1,2.4,0,9,0,18,0.4,89,3,0,434,1990,2202,12,8,19,0,1,0,1
912,1,0.5,0,17,1,19,0.5,119,5,12,529,1150,1357,6,16,13,1,0,0,0
1124,1,0.9,1,15,1,6,0.7,121,4,16,94,1539,575,11,4,14,1,0,0,0
513,0,0.5,1,12,0,42,0.4,81,5,9,792,1464,3143,17,16,19,1,0,1,2
820,0,1.7,1,4,1,63,0.3,119,7,12,1802,1169,1357,11,1,9,1,0,1,1
1700,1,0.5,1,4,1,25,0.3,100,6,16,677,1278,1507,15,17,18,0,1,0,1
1902,1,2.4,1,12,0,10,0.9,166,4,19,705,1628,1881,15,5,14,1,1,1,2
1800,0,0.9,1,0,0,48,0.9,174,4,9,400,647,740,15,12,4,1,0,1,0
875,1,2.9,1,9,1,6,0.9,144,8,9,1493,1693,1702,17,15,20,0,1,1,1
1284,0,0.6,1,18,0,37,0.5,132,5,4,632,1296,2174,7,4,3,0,1,1,1
1351,0,1.7,0,2,0,35,0.4,118,1,13,1575,1034,3936,15,17,19,0,1,0,3
669,0,2.6,1,13,0,31,0.8,123,1,13,494,1768,3537,9,2,8,0,1,1,2
1716,1,0.8,0,5,0,52,1.0,179,1,2,1728,1482,3988,6,3,3,1,1,0,3
1169,0,1.8,0,0,0,2,0.7,181,7,15,1651,1452,2710,16,14,18,0,1,0,2
1333,0,1.3,0,3,1,52,0.3,85,3,19,765,1772,3617,14,11,16,1,0,0,3
1870,1,2.8,1,3,1,50,0.5,167,1,6,94,1108,2799,17,16,17,0,0,1,2
947,1,0.8,1,18,1,34,0.3,93,2,16,698,1679,3735,16,1,16,0,0,1,3
993,0,2.5,1,12,0,4,0.3,94,8,5,804,1677,3237,11,1,19,0,0,1,2
1407,1,2.0,1,19,0,42,0.4,126,4,5,426,1727,3393,6,9,10,0,0,1,3
583,1,1.1,0,13,0,7,0.2,83,2,17,1010,844,494,14,5,5,1,0,0,0
735,1,1.5,1,13,1,23,0.6,86,1,1,981,960,2355,6,15,19,0,0,0,1
1020,0,1.5,1,10,0,9,0.3,154,6,6,1537,1753,1150,17,17,20,0,1,1,0
1196,0,1.7,1,4,1,23,0.1,91,7,6,682,1934,1729,6,17,20,1,1,1,1
822,0,1.8,1,13,0,31,0.6,95,6,16,356,1582,1476,8,0,10,1,1,0,1
734,0,2.8,1,16,1,21,0.6,103,7,20,942,1629,265,11,10,11,1,1,0,0
1247,0,1.4,0,7,1,25,0.4,142,2,20,1243,1237,836,14,2,5,1,0,1,0
1975,1,1.4,1,9,1,13,0.9,167,2,4,1085,1314,3458,13,3,17,1,1,0,3
1872,0,0.5,1,19,0,63,0.7,123,3,16,77,582,2383,6,9,17,1,1,0,2
1188,1,1.0,1,7,1,32,0.7,113,5,5,1027,1678,3706,9,9,14,0,1,1,3
1437,0,2.8,1,0,1,62,0.2,140,1,13,980,1950,2860,6,8,11,1,0,1,3
1689,1,1.5,1,8,1,59,0.3,100,2,7,660,1716,1527,17,11,17,1,0,1,1
1401,0,3.0,0,15,1,63,0.6,88,7,17,963,1202,828,15,5,11,0,1,1,1
899,0,0.7,0,17,0,5,0.4,196,2,16,858,1833,3234,9,8,13,1,0,0,2
1651,1,1.3,1,4,0,25,0.4,166,3,6,635,1270,901,12,2,2,0,0,1,0
635,1,2.1,1,5,0,42,0.6,154,1,2,608,1247,1768,15,1,20,1,0,0,0
514,1,2.3,1,2,0,32,0.1,102,8,2,1651,831,3116,5,0,16,0,1,1,2
1026,0,1.2,0,11,1,51,0.6,138,5,17,1922,1475,1471,8,6,16,0,1,1,2
589,1,2.1,0,5,1,25,0.6,152,8,18,421,1215,530,15,15,12,0,1,1,0
1440,1,2.5,1,1,0,26,0.7,106,3,3,700,1993,417,10,12,3,1,1,1,0
1366,0,2.8,0,3,0,16,0.9,160,7,16,988,1371,3078,13,13,7,0,1,0,3
1744,0,1.6,0,13,0,49,0.9,128,2,7,558,1012,1088,9,13,17,1,0,0,1
884,1,2.2,0,1,0,23,0.8,93,5,7,705,1185,547,12,11,4,1,0,0,0
1520,0,0.8,0,5,1,49,0.2,195,1,10,1158,1421,814,18,12,17,1,0,1,0
819,1,1.7,1,15,0,45,0.5,158,2,20,1448,1102,1119,8,13,3,0,0,1,1
839,1,1.5,1,14,0,19,0.7,140,7,12,407,1241,999,7,14,11,1,0,0,0
1952,0,1.5,0,8,0,9,1.0,95,7,14,758,1176,650,11,17,18,1,0,1,0
1090,1,0.8,1,16,1,2,0.9,166,5,18,840,1919,3480,8,0,18,0,1,0,3
1232,0,1.3,1,14,1,32,0.3,80,2,8,985,669,3623,19,10,16,1,0,1,3
1162,1,1.5,1,17,0,59,0.2,169,5,19,597,842,1632,17,15,20,1,0,0,1
1114,1,1.9,1,7,1,54,0.8,158,2,5,1904,1051,2420,14,13,4,1,0,1,2
867,0,2.7,0,16,1,43,0.3,183,3,0,1236,974,369,19,16,4,1,0,1,0
1720,1,1.6,0,0,1,49,1.0,135,3,19,1745,1071,448,12,16,8,1,0,0,1
845,1,2.7,1,3,0,54,0.8,147,7,15,264,1370,1470,15,11,5,1,0,1,1
1771,1,2.0,1,13,1,23,0.7,88,4,11,1445,1693,1739,5,0,10,1,1,1,2
1039,0,2.0,0,6,0,37,0.9,119,8,20,1223,1756,3478,15,16,18,1,1,1,3
1119,1,1.1,1,11,0,36,1.0,126,3,17,1516,587,3943,14,3,6,0,1,1,3
631,1,1.1,1,10,1,2,0.2,151,8,10,108,1918,747,8,1,11,0,1,1,0
1989,0,1.7,1,2,1,20,0.6,118,6,0,1209,984,1915,17,17,3,0,1,0,2
1394,1,1.6,1,18,0,6,0.6,187,6,12,1748,1777,2984,8,15,18,0,1,0,3
1148,1,1.6,0,14,0,35,0.8,122,1,1,1483,1835,591,8,7,10,1,0,0,0
1058,0,2.7,1,4,0,43,0.3,90,5,2,1805,1030,3671,13,17,4,1,1,0,3
694,1,1.3,1,3,0,47,0.9,186,1,3,912,1291,2130,8,16,15,1,0,0,1
1002,0,0.6,0,0,1,47,0.2,104,5,20,1156,562,3585,13,1,10,1,0,0,3
1481,0,2.1,1,10,1,36,0.6,169,5,8,1069,785,3120,9,1,9,1,1,0,3
1787,0,2.5,0,11,1,55,0.2,193,3,10,1955,741,1734,18,1,7,1,0,1,2
1804,1,2.9,1,3,0,25,0.5,101,7,0,1561,1477,3652,14,1,19,0,0,0,3
1831,0,1.3,0,5,1,61,0.2,122,2,20,659,1898,1934,18,5,18,0,1,1,2
675,0,2.3,0,19,1,21,0.9,178,7,4,1609,1584,465,12,7,15,0,1,0,0
1665,1,1.4,0,10,1,4,0.2,80,5,14,945,1162,2075,6,6,7,0,1,0,1
1001,1,1.2,0,10,1,21,0.2,196,6,12,1403,1388,2248,5,9,2,1,0,1,2
1748,0,1.2,1,9,0,27,0.3,84,3,5,221,1431,2086,15,3,3,0,1,0,1
1108,1,3.0,1,18,1,25,0.8,96,6,4,151,1581,3973,8,3,6,0,0,1,3
1308,0,2.5,1,9,1,21,0.9,198,6,3,1306,1334,3591,6,16,13,0,0,1,3
1194,1,1.1,1,1,0,27,0.4,171,8,16,278,1727,1932,17,3,5,0,1,1,1
1656,0,0.7,1,1,0,56,0.3,129,1,16,351,1485,1581,6,4,6,1,0,1,1
1485,0,2.8,0,5,0,39,0.6,144,6,19,938,1761,3722,6,10,15,0,0,0,3
1222,1,0.8,1,12,1,49,0.2,115,2,4,126,1588,3274,14,13,16,1,1,1,2
1037,0,1.2,1,14,0,43,0.5,145,7,2,1583,815,1964,8,12,20,0,1,0,1
1633,1,0.9,0,14,1,2,0.2,172,4,11,120,1199,688,6,11,12,0,1,0,0
1680,1,1.4,1,15,0,50,0.8,105,3,17,1580,1747,3425,15,11,16,1,0,0,3
1970,1,0.9,0,12,1,22,0.3,188,6,8,839,1153,2110,9,10,5,1,1,0,2
1523,1,2.1,0,19,0,9,0.1,118,7,8,480,1768,1125,15,14,5,1,0,1,0
970,0,1.9,1,2,1,9,0.9,190,8,19,1557,960,940,8,10,5,1,0,0,0
1204,1,2.9,1,19,0,32,0.8,113,6,20,1186,650,2749,17,6,19,0,1,0,3
1668,0,2.1,1,3,0,57,0.8,130,3,15,1059,760,3996,9,2,6,0,0,0,3
1031,1,0.6,1,12,0,48,0.9,183,7,13,937,1166,759,6,4,3,1,1,1,0
1223,1,0.5,1,10,0,47,1.0,112,7,13,774,1497,2980,8,9,5,0,0,1,3
1564,1,2.3,0,15,1,26,0.8,125,5,16,603,727,1988,15,11,10,0,1,0,2
1775,0,2.7,1,5,1,42,0.9,175,3,3,1899,778,3740,16,17,13,1,1,1,3
1994,1,1.5,0,15,0,46,0.2,91,8,1,686,1817,2145,10,1,20,1,0,0,2
1215,0,1.3,1,17,0,63,0.6,177,2,8,31,1346,2663,14,15,13,1,1,0,2
1161,1,1.6,0,14,1,27,0.6,117,8,9,255,527,3505,6,14,16,0,0,1,3
802,0,0.7,0,0,0,10,0.3,94,8,14,171,1584,2761,18,15,20,0,1,0,1
1136,0,2.1,1,18,0,22,0.2,160,6,0,628,909,3313,13,2,12,1,1,0,2
1594,1,1.4,0,18,0,47,0.5,156,3,19,1158,1247,2590,11,15,11,0,1,0,3
1700,0,0.7,0,4,0,14,0.9,96,5,6,489,840,373,6,16,4,1,1,0,0
1551,0,2.4,0,15,1,52,1.0,80,4,14,1286,1218,938,8,8,9,0,1,1,1
1750,0,1.8,0,8,1,49,0.6,195,3,16,154,1068,2497,16,10,13,0,0,0,2
608,1,1.8,1,4,1,44,0.4,192,7,11,113,964,1812,12,5,17,0,0,0,1
1076,1,1.4,1,15,1,34,0.4,196,5,13,501,1217,826,12,3,10,1,0,1,0
1164,1,2.0,0,17,1,18,0.7,145,1,15,219,937,1147,19,13,15,0,1,0,0
1200,0,1.7,1,2,0,3,0.8,123,5,14,1159,1831,2058,13,13,2,0,0,0,1
791,0,0.6,1,0,0,36,0.7,131,5,12,1521,1909,786,13,17,16,1,0,1,0
1907,0,2.7,0,11,0,13,0.6,142,2,20,259,1924,1822,19,7,19,0,1,1,1
840,1,2.4,1,8,1,57,0.8,130,3,2,1442,605,297,6,11,5,1,1,0,0
505,0,1.4,0,17,1,11,0.1,92,4,5,1034,1774,860,12,4,3,0,1,1,0
1692,1,1.6,1,6,0,40,0.2,190,6,4,1429,1799,2961,10,11,17,0,1,1,3
979,0,1.7,1,12,1,48,0.4,165,5,8,1211,802,657,18,13,13,1,0,1,0
1411,0,1.5,1,11,1,49,0.4,118,4,14,1042,1581,1296,10,14,13,1,0,0,1
752,0,1.3,0,18,1,43,0.3,184,7,20,309,778,817,12,10,20,1,0,0,0
1889,1,2.9,1,10,0,10,0.9,175,4,19,1646,1180,678,11,11,4,1,0,0,1
1270,1,0.6,0,1,0,6,0.6,183,1,12,141,540,1405,16,1,9,1,0,0,0
1764,1,2.0,1,8,1,31,0.2,95,4,0,302,1933,2529,18,12,6,0,0,1,2
1752,0,1.9,1,12,1,38,0.4,155,1,19,1301,759,910,11,6,15,0,1,1,1
1774,0,3.0,0,19,0,12,0.1,142,5,1,821,1488,3485,19,0,17,1,0,1,3
921,1,2.2,0,19,0,26,0.4,106,8,16,955,549,3465,10,9,4,0,1,1,3
1008,1,2.3,1,7,1,27,0.8,182,6,6,685,1804,1151,13,9,15,0,0,1,0
784,0,2.3,1,3,0,49,0.9,125,7,1,72,1033,2901,9,6,3,0,1,1,2
1091,0,0.7,1,18,1,63,0.5,129,8,5,1159,886,3735,11,8,15,1,1,0,3
1019,0,1.5,1,10,1,26,0.5,177,4,10,266,1152,1458,14,15,14,1,0,0,0
1518,0,0.7,1,1,0,28,0.6,108,3,16,1243,669,1976,9,4,11,1,1,1,1
530,0,2.8,1,4,1,55,0.6,130,3,10,1055,1132,3248,18,16,13,1,1,0,3
1975,1,1.9,1,8,1,50,0.5,166,2,4,103,1441,864,9,14,14,1,1,1,0
782,1,2.7,0,9,1,34,0.5,123,8,17,1028,1125,2735,8,12,7,0,1,0,2
881,0,2.6,0,9,0,29,0.3,150,2,16,1046,1423,1081,14,12,17,0,1,0,0
1758,0,2.5,1,18,1,5,0.5,121,7,14,1446,969,1638,14,15,3,1,1,1,1
1992,0,1.5,0,13,1,9,0.8,106,1,1,1327,1178,2698,8,9,9,0,1,1,2
1585,0,2.6,1,2,0,21,0.5,101,7,8,102,1149,615,18,3,18,1,1,0,0
1453,1,1.1,1,13,0,53,0.8,166,2,19,721,884,2437,18,7,4,0,0,0,2
1801,0,2.7,1,12,0,32,0.2,152,3,9,1754,1565,1931,14,9,11,1,1,1,2
1287,0,2.7,1,16,1,44,0.6,191,7,19,1839,877,2769,9,5,18,1,0,0,3
1823,1,3.0,0,4,1,59,0.3,197,1,13,1525,612,1358,8,2,3,0,1,1,2
1853,0,0.8,1,15,1,6,0.8,182,6,10,52,1391,1600,8,17,20,0,0,0,1
1468,1,0.5,1,1,1,46,0.5,113,4,5,1192,1529,2235,14,5,12,0,1,0,2
788,0,2.8,0,6,1,44,0.7,196,8,5,1812,1924,3585,13,10,17,0,0,1,3
1249,1,1.0,1,6,1,9,0.7,164,1,9,1213,1110,1750,6,4,20,0,0,0,0
1374,0,0.5,1,8,0,41,0.9,174,4,9,1323,1520,1041,6,7,3,0,1,0,1
920,0,1.3,1,0,0,10,0.8,159,2,3,1904,1653,2624,15,17,12,1,1,1,2
1515,0,2.1,0,6,1,22,0.4,189,6,13,1551,585,3961,18,16,9,0,0,1,3
1139,0,2.3,0,19,0,59,0.3,116,8,6,555,1991,793,18,11,6,0,0,0,1
1132,0,1.2,0,5,0,56,0.9,148,6,3,521,658,1027,8,1,10,0,0,1,0
549,1,1.8,0,3,0,61,0.4,124,8,7,1955,1094,2386,13,7,15,0,1,1,2
602,1,0.8,1,6,1,26,0.7,80,2,15,1272,1606,299,9,4,5,0,0,0,0
1381,1,2.4,1,14,1,48,0.2,183,4,17,977,610,1168,19,9,4,0,1,0,1
1514,0,0.9,0,18,1,14,0.2,90,1,6,1428,529,3313,15,11,5,0,0,0,2
1731,0,1.2,0,14,1,61,1.0,91,8,10,1357,840,1795,13,4,19,0,1,0,2
1759,1,2.0,1,18,0,24,1.0,87,7,12,1290,908,1349,16,12,18,1,0,1,1
1426,1,2.2,0,11,1,30,0.9,150,1,17,329,587,1415,16,2,7,1,1,1,1
1469,0,2.4,0,7,0,32,0.8,89,8,19,785,1261,670,15,8,17,0,0,0,1
657,1,2.2,1,11,0,6,0.3,171,6,8,1909,1192,3548,11,7,18,0,0,0,3
1197,0,1.3,0,18,1,38,0.6,199,7,9,1319,984,1298,14,2,13,0,1,1,1
692,1,2.1,1,2,1,38,0.6,195,7,12,819,506,3731,16,8,13,0,1,0,3
1003,0,1.6,0,6,1,36,0.8,148,7,6,1722,1605,638,19,0,5,0,1,0,0
755,1,2.0,0,9,0,55,0.3,141,4,16,1567,1356,2085,5,12,6,1,1,1,2
911,1,2.0,0,10,0,8,0.3,147,1,16,297,1169,3832,15,4,16,1,0,0,2
1927,0,1.9,1,0,1,53,0.5,142,6,1,862,1187,2510,6,3,15,0,1,1,3
1633,1,1.6,1,6,0,10,0.1,102,5,16,179,1751,2270,16,11,8,1,1,1,2
861,1,2.0,0,7,0,26,0.5,155,8,20,725,1647,1163,15,7,20,0,1,0,1
1520,0,2.8,1,5,0,13,0.2,133,6,15,1533,1514,1009,10,7,15,0,1,1,1
1912,0,2.0,0,8,1,37,0.7,110,3,0,118,1500,3835,10,0,16,0,0,0,3
1321,0,0.6,0,3,0,20,0.8,174,3,3,1825,686,3938,8,9,17,0,0,1,3
1299,1,0.8,1,5,0,23,0.6,132,5,7,1481,883,3967,17,6,20,0,0,0,3
1292,1,1.7,0,4,0,45,0.8,121,6,16,82,1357,1879,11,8,11,1,1,1,1
1826,0,2.9,1,0,0,55,0.6,187,7,5,141,1162,1201,18,7,3,0,0,1,1
1835,0,0.8,1,18,0,54,0.1,83,8,0,1075,918,781,6,15,18,1,1,0,1
1548,1,2.2,1,12,1,50,0.7,170,6,9,1130,1939,3461,15,17,6,0,0,0,3
645,0,1.0,1,14,1,43,0.4,186,2,18,1511,550,2724,14,7,8,0,1,0,2
827,0,1.2,0,7,0,51,0.7,113,6,17,482,1520,2015,19,15,15,1,0,1,1
1620,0,0.9,1,8,1,61,0.2,132,6,20,666,1457,3177,15,15,14,0,0,0,3
956,1,1.3,1,5,0,15,0.6,128,6,10,1806,1080,706,18,10,5,1,0,0,0
1410,1,2.3,0,12,1,4,0.9,103,4,19,635,1330,950,10,7,18,0,1,0,0
1375,1,2.5,0,16,0,14,0.3,139,2,4,1064,1179,763,14,9,18,1,1,0,0
1113,1,0.7,0,12,1,23,0.8,130,5,17,1496,1053,2868,5,11,19,0,0,0,2
716,1,2.2,0,1,0,38,0.7,139,6,13,946,1287,3167,9,0,8,0,1,0,3
1629,1,2.4,1,5,1,10,0.1,118,4,7,1147,1429,2920,9,10,15,0,1,1,2
645,1,2.0,0,2,1,9,0.3,189,8,7,478,805,1643,12,10,5,0,0,1,0
740,1,1.2,1,17,0,7,0.7,115,6,7,1292,1301,1898,14,3,3,1,0,0,1
767,0,1.9,1,3,0,46,0.4,137,1,6,1112,560,2797,16,17,19,0,1,1,2
749,1,1.1,1,4,0,12,0.2,108,7,14,1934,1508,3018,10,5,8,0,1,0,3
695,0,2.8,1,12,0,20,0.9,94,7,14,1586,1385,546,12,0,11,1,0,0,0
527,1,3.0,1,5,0,26,0.6,163,1,11,1080,757,2877,14,17,16,1,1,0,2
697,1,2.1,1,4,1,51,0.4,189,7,12,1247,1627,3214,10,3,14,1,1,1,3
1735,1,2.6,0,4,0,26,0.1,137,3,12,515,1483,2991,11,13,5,0,0,1,3
1890,1,1.5,0,13,1,53,0.8,167,1,10,754,1391,2594,11,10,6,1,0,1,2
1985,1,2.7,1,10,1,58,0.8,89,2,4,1679,1634,692,19,16,2,1,1,0,1
1282,1,2.6,0,12,0,55,0.4,148,1,7,1336,1592,1005,19,14,5,0,1,0,1
1678,0,1.3,1,11,1,62,0.1,98,7,17,1559,736,1235,10,16,12,0,0,1,2
1597,1,1.4,0,6,1,36,0.6,115,7,19,1517,1292,2529,11,5,11,1,1,0,3
994,1,1.3,0,3,1,30,0.2,177,4,20,10,1807,2202,17,9,20,1,1,1,1
614,0,0.5,1,10,0,36,0.8,123,1,9,1489,698,1374,6,12,17,0,0,1,0
1386,1,2.4,1,8,1,11,0.9,111,5,10,1884,1620,2096,16,14,8,0,1,0,2
1416,0,0.9,1,13,1,28,0.5,97,8,17,1586,1418,3583,5,3,13,1,1,0,3
1030,1,1.2,0,6,1,34,0.7,96,1,1,1181,1420,2135,17,8,20,0,0,1,1
597,1,1.4,0,6,0,60,0.8,166,3,4,713,1171,675,7,2,18,1,0,0,0
1020,1,2.6,1,1,1,24,0.6,117,4,9,1203,1984,1686,6,10,14,1,0,1,1
1156,1,1.0,0,9,1,16,0.8,100,6,13,34,1051,1245,15,12,16,1,1,1,0
1421,1,0.5,1,6,1,55,0.4,162,7,16,645,950,1171,9,4,8,0,0,1,1
1529,1,1.0,0,17,0,48,0.3,196,4,8,55,742,1388,7,14,11,0,1,0,1
1445,0,0.6,0,13,1,63,0.3,159,7,7,1946,1216,3793,17,8,18,1,1,0,3
773,1,2.7,1,3,1,2,0.5,132,3,17,1941,1594,3572,13,3,19,1,1,1,3
561,0,2.1,0,4,0,34,0.2,194,5,9,1647,1612,3455,14,7,2,1,1,0,3
1314,0,1.1,1,0,1,57,0.4,183,8,7,753,979,546,10,14,3,0,1,0,0
988,0,1.1,0,6,0,30,1.0,182,6,11,171,1194,3746,17,7,13,1,1,1,3
1274,0,2.9,1,6,1,29,1.0,119,3,7,1227,1050,1583,7,5,9,1,0,1,1
1759,1,0.7,1,4,0,24,0.2,150,8,18,656,1935,2389,18,7,20,0,0,0,2
763,0,2.5,1,2,1,32,0.8,89,3,10,1577,1485,902,18,10,14,0,1,1,0
651,1,0.5,1,9,1,55,0.4,150,1,16,738,562,3507,15,6,8,1,1,0,2
1509,0,2.8,1,7,0,31,0.9,151,8,6,726,1281,992,5,15,17,0,1,0,1
787,1,1.2,1,10,0,47,0.9,162,6,7,1145,1432,2001,10,8,14,0,1,0,1
1258,0,1.2,0,3,0,27,1.0,164,7,20,1757,1005,409,10,2,12,0,0,0,0
1440,1,2.5,1,19,0,28,0.3,173,4,4,1404,1454,537,15,0,17,1,1,0,0
1121,0,2.6,1,13,0,7,0.7,109,5,10,56,603,1603,11,14,8,0,1,0,0
993,0,0.8,0,12,0,23,1.0,169,2,4,67,623,2351,11,14,5,0,1,1,1
1128,1,2.6,0,2,1,8,0.5,124,6,19,178,1597,3445,11,16,19,0,0,0,3
849,0,0.7,1,5,0,45,0.7,84,4,19,1666,756,329,11,5,15,1,1,1,0
1611,0,1.8,0,5,1,8,0.6,198,1,11,1253,1693,1330,8,9,10,0,0,1,1
696,1,2.3,1,0,0,23,0.6,144,4,12,243,1311,1116,14,4,4,0,1,1,0
1759,1,2.3,1,0,0,25,0.2,193,7,15,1038,1413,3830,18,0,9,0,0,1,3
537,0,2.5,1,7,1,21,0.6,197,4,9,1099,780,399,16,3,18,1,0,1,0
1992,0,1.9,0,0,0,37,0.2,159,8,3,1317,1943,3205,14,3,2,0,1,0,3
988,0,2.8,1,18,1,36,0.5,191,5,3,493,524,1513,12,15,4,1,0,1,0
1865,1,1.5,0,6,1,5,0.8,83,2,16,1897,1282,276,7,0,4,1,0,0,0
1316,1,1.5,0,15,1,62,0.5,170,3,9,181,764,3319,12,9,17,1,0,1,3
571,1,2.8,0,16,1,38,0.4,185,6,19,1406,1102,2418,6,2,12,0,0,0,2
732,0,1.6,1,6,1,55,0.8,118,8,20,1626,741,2737,17,13,3,1,1,0,3
1430,1,0.8,0,2,0,30,0.2,138,5,4,1536,1672,3192,8,11,9,0,0,1,3
1595,1,0.6,0,1,1,25,0.2,142,7,13,1951,810,3566,10,6,19,1,1,1,3
1655,1,1.1,0,2,0,29,0.4,194,3,15,858,1530,1298,14,2,18,0,1,0,1
1014,1,2.8,1,14,0,55,0.7,82,4,10,987,1139,2491,11,12,13,1,1,1,2
674,0,0.5,0,17,0,3,0.1,194,3,20,516,898,3905,19,17,4,0,0,0,2
1605,0,2.8,1,5,1,18,0.3,131,2,10,852,920,2226,5,9,2,1,1,1,2
1176,0,1.2,0,8,1,32,0.2,145,2,1,1902,1631,3898,13,8,7,1,0,1,3
1734,1,2.5,0,14,0,53,0.8,130,6,6,1242,1076,329,7,6,8,1,0,1,0
1078,0,1.6,1,12,0,4,0.8,105,1,20,1330,1141,3862,7,17,14,1,1,0,3
1438,1,2.9,0,1,0,4,0.3,83,5,10,397,619,3461,5,5,15,1,1,1,3
1737,0,2.8,0,15,0,50,0.4,105,7,12,421,861,3043,9,8,14,1,0,0,3
1403,0,0.7,1,6,0,60,0.8,164,8,4,1508,1062,871,13,14,5,1,0,1,1
1718,0,2.4,0,8,0,51,0.4,192,4,18,707,1795,3597,8,15,13,1,0,1,3
1102,0,1.0,0,19,0,60,0.8,199,6,0,1943,1140,3866,14,4,2,0,0,1,3
1123,0,3.0,1,6,1,35,0.4,173,3,0,1706,1746,1333,8,11,14,0,1,1,1
938,0,0.6,0,0,1,32,0.8,183,3,9,451,1245,1237,5,1,15,1,0,0,0
1231,0,1.9,1,7,1,8,0.4,161,2,2,1061,608,1529,19,13,14,0,1,1,0
1782,1,2.3,1,11,0,28,0.6,123,2,5,58,1654,391,19,3,3,0,0,0,0
1919,1,1.1,1,6,1,3,0.8,102,5,11,1073,964,3005,15,14,10,1,0,0,2
1179,1,2.6,1,5,1,59,0.8,163,1,3,951,1995,2842,12,3,10,1,1,0,3
1723,1,2.8,1,17,1,58,0.3,89,5,1,1743,950,3893,19,12,13,1,1,1,3
545,0,2.2,0,5,0,45,0.5,194,5,19,1695,1802,919,18,4,5,0,0,1,1
1905,0,1.8,0,1,0,48,0.2,111,1,11,1380,1336,3429,9,6,18,1,1,1,3
1481,0,2.1,0,0,1,57,0.9,194,1,20,856,1784,1842,15,16,5,1,1,0,2
1070,0,2.1,0,1,1,33,0.5,144,2,12,1559,1812,1588,13,11,11,1,0,1,1
1636,0,1.8,0,0,1,25,0.2,130,4,16,791,1062,3899,19,9,18,0,0,0,3
1854,1,0.5,1,5,0,29,0.4,103,3,18,998,579,1652,14,16,14,0,0,0,1
1444,0,1.8,1,7,1,63,0.2,138,8,5,8,1519,610,19,15,10,1,1,0,0
1541,1,2.4,0,7,0,48,0.8,133,2,3,228,979,973,14,11,6,0,0,1,0
738,1,0.5,0,10,0,45,0.7,162,5,0,826,1267,2675,6,0,7,1,0,0,2
773,1,2.3,0,18,0,56,0.9,118,2,5,270,1782,2984,5,15,5,1,0,0,2
1477,0,0.5,0,14,0,52,0.3,173,2,19,1683,806,523,18,7,5,1,1,0,0
1352,0,0.7,0,8,1,52,0.5,166,5,20,1020,1689,967,13,7,16,1,0,0,1
1926,1,1.3,0,14,1,16,0.7,131,8,6,729,1641,3975,14,15,14,1,0,0,3
635,0,1.0,0,9,0,41,0.6,106,4,19,1835,1733,2047,19,5,3,1,1,0,2
1037,0,0.7,0,9,0,29,0.7,99,3,18,1617,898,3304,18,11,7,1,1,0,3
1028,0,1.8,0,0,1,12,0.2,188,3,14,41,1271,1513,16,17,14,1,1,0,0
930,0,2.4,0,9,1,2,0.2,80,3,3,1197,1721,3028,8,16,15,0,1,0,2
1663,0,2.2,1,19,1,60,1.0,178,8,10,169,513,3345,17,3,19,1,1,0,3
1234,1,2.0,1,6,0,34,0.8,175,2,4,1110,1081,2117,18,2,14,1,1,0,1
788,1,1.2,1,16,1,58,0.4,199,3,6,1457,1421,2758,11,4,18,0,1,1,2
1200,0,1.1,1,0,1,21,0.8,178,2,1,1677,1947,3493,10,14,17,1,0,1,3
784,0,1.8,1,7,1,53,0.8,160,2,6,1883,1496,805,16,10,12,0,1,0,0
1486,1,2.4,0,17,0,63,0.6,159,2,16,577,1754,1017,5,16,4,0,0,1,1
1349,1,0.7,1,18,0,32,0.6,175,1,15,241,1438,2983,10,12,19,0,0,1,2
879,1,1.1,0,14,1,20,0.9,94,6,6,445,1586,1014,9,12,20,1,1,1,0
947,0,0.9,0,1,0,55,0.8,100,6,7,1123,1070,860,7,7,11,0,1,0,0
657,1,1.0,1,2,1,39,0.3,121,8,17,1786,1645,3555,14,7,4,0,0,1,3
646,0,0.5,1,7,0,54,0.9,167,4,7,1047,1455,2317,19,6,5,0,0,0,2
1060,1,2.2,0,7,0,32,0.9,151,4,10,298,1158,508,8,9,14,0,0,1,0
754,0,0.9,1,13,1,55,0.2,178,6,13,62,511,3569,18,14,15,0,1,1,3
1483,1,2.1,0,3,0,23,0.8,181,1,20,794,803,2370,17,2,16,1,1,0,2
1197,1,1.1,0,11,0,5,0.3,106,1,16,335,1845,2066,15,4,18,0,1,0,1
676,1,1.2,0,2,1,45,0.3,177,2,5,1504,1330,401,11,13,4,0,0,1,0
1472,0,1.9,0,0,1,3,0.4,181,6,1,1152,737,2044,5,17,12,0,0,0,1
1739,0,2.2,0,9,0,41,0.8,99,4,20,534,1491,3690,10,3,3,1,0,0,3
605,1,1.3,0,3,0,19,0.4,130,4,8,404,1426,1128,10,14,7,0,1,0,0
1155,0,1.7,0,8,1,41,0.8,140,5,10,1502,1925,3101,5,1,10,0,1,1,3
1012,1,1.8,1,14,1,55,0.8,189,6,17,544,1290,1130,15,2,4,1,1,0,1
645,0,1.7,0,12,0,22,0.3,194,5,0,1316,702,3347,7,7,10,1,1,1,2
1621,1,2.8,0,16,0,50,0.1,153,2,19,1168,517,1092,5,9,16,0,1,1,1
747,1,0.7,0,16,0,35,0.3,196,8,13,592,1647,2516,18,1,3,1,0,1,2
1689,0,2.3,0,13,1,37,0.8,154,1,10,1250,1094,1575,17,0,7,1,0,1,1
1498,0,2.5,0,14,0,46,0.5,178,4,16,596,1820,1041,10,1,15,0,1,0,1
1159,1,2.8,1,1,1,48,0.9,152,7,14,671,541,2364,15,13,11,1,1,1,2
1501,0,2.0,0,12,0,60,0.9,121,1,11,1613,569,1545,5,1,6,0,1,1,1
1205,1,1.0,0,17,0,13,0.5,119,7,5,640,753,2841,6,1,14,1,1,0,2
970,0,0.5,1,10,1,39,0.7,154,8,5,78,1898,2206,16,11,6,1,1,1,1
796,0,1.4,0,3,0,62,0.2,97,5,11,1924,1605,489,16,1,11,1,1,1,1
776,1,2.5,1,11,0,14,0.4,190,6,7,654,909,465,18,7,16,0,1,0,0
1568,1,1.9,1,1,0,26,0.1,87,2,12,1687,1258,2718,6,2,14,0,1,0,3
1627,0,1.2,0,6,0,62,0.4,128,3,16,446,750,2865,11,6,5,0,1,0,3
1813,0,2.9,1,2,0,53,0.4,136,5,11,1370,1354,442,11,6,4,1,1,0,1
1851,0,2.5,1,19,0,24,0.9,194,1,17,372,767,2491,18,4,7,1,0,0,2
1428,1,2.0,1,15,1,42,0.5,91,8,5,710,1145,2164,17,8,19,0,1,1,2
1745,0,2.5,0,7,0,40,0.7,169,4,15,16,1022,3719,14,14,20,0,1,1,3
667,0,2.1,0,9,1,11,0.7,82,5,8,756,1218,612,11,14,7,0,0,1,0
791,1,1.3,0,11,0,32,0.3,167,3,2,722,1618,3764,8,2,17,1,0,1,3
571,1,2.2,1,10,0,29,0.9,162,4,16,1287,1842,558,19,0,16,1,1,0,0
1197,1,2.5,1,5,1,52,0.8,126,4,0,923,1503,2179,7,11,18,0,0,0,2
1665,0,1.7,0,8,0,10,0.3,184,1,4,1815,1316,1301,17,7,6,1,0,1,1
1046,0,0.7,0,7,1,30,0.5,165,8,18,1745,919,3122,12,6,19,1,1,1,3
1943,1,1.2,1,11,0,57,0.2,182,6,3,1323,955,3662,15,4,19,1,0,0,3
1216,0,2.7,1,17,1,28,0.9,172,4,17,1933,1483,2188,17,3,19,0,1,0,2
981,1,1.1,1,13,1,46,1.0,93,8,10,754,868,274,14,10,8,1,0,1,0
1892,1,1.3,1,12,1,33,0.9,152,7,12,34,707,1160,9,1,5,0,0,1,1
689,1,0.7,0,3,1,18,0.2,118,3,19,1168,1659,2192,9,17,4,0,0,1,1
1252,0,1.4,0,9,0,23,0.9,197,8,5,1059,1697,3231,16,7,18,0,0,1,3
1465,1,2.1,1,13,0,63,0.9,149,5,11,438,1396,1262,7,12,17,0,0,1,1
1198,1,2.9,0,13,0,32,0.6,122,8,18,1429,1448,872,19,5,10,0,1,1,1
853,1,2.0,0,5,0,28,0.2,121,4,3,1703,1005,333,19,2,7,1,1,0,0
658,1,2.0,1,19,0,11,0.4,91,6,2,1790,1034,2872,9,9,3,0,1,1,2
577,1,2.7,0,8,0,3,0.2,115,2,19,1601,1930,1373,7,10,6,0,1,0,1
812,1,0.6,1,17,0,30,0.9,182,8,7,14,1758,3717,15,13,19,1,0,1,2
1418,0,3.0,0,1,1,24,0.6,86,1,1,1506,1541,3996,14,1,2,0,1,1,3
806,0,1.6,1,9,0,9,0.8,169,6,4,1065,1221,3907,8,13,13,1,0,0,3
830,0,2.6,1,19,0,44,1.0,175,4,15,1816,548,2128,10,4,11,0,0,1,2
1537,1,2.9,1,17,1,43,0.3,186,2,6,1922,1176,2451,15,16,20,1,1,0,3
1918,1,2.9,0,5,1,6,0.9,159,2,0,295,676,3566,19,10,4,0,0,0,3
1922,0,1.7,1,15,1,7,0.7,90,7,16,1819,568,1299,16,13,13,1,0,1,1
558,1,2.7,0,14,0,47,0.9,105,3,12,1623,1880,1508,11,4,12,1,1,0,1
562,0,1.6,1,3,0,45,0.3,147,7,0,282,966,1651,5,13,2,0,1,1,0
1918,1,0.7,0,8,1,4,0.6,165,3,5,20,1901,1845,18,0,20,0,1,1,0
755,0,0.6,1,1,1,25,0.9,89,1,0,1664,894,1260,6,9,18,1,1,1,0
624,1,1.2,0,14,0,40,0.3,113,7,20,1149,856,363,5,11,2,1,0,1,0
1943,0,2.7,0,6,0,22,0.3,120,4,6,1576,1085,2387,17,16,17,0,0,0,2
1809,1,0.8,1,8,0,64,0.5,131,8,18,1731,1472,1056,8,3,9,1,1,1,2
815,1,2.1,1,0,0,31,0.5,97,5,0,947,1814,2401,16,3,15,0,0,0,2
1335,1,1.4,0,2,1,44,0.7,133,1,18,1119,1289,3472,15,11,11,1,1,0,3
1661,0,1.2,0,6,1,9,0.1,195,6,15,1223,1940,2612,5,4,10,0,1,1,3
1169,0,2.4,1,13,1,9,0.3,183,5,20,746,742,3822,16,16,3,0,0,1,3
909,0,2.8,1,10,0,8,1.0,120,1,4,952,562,924,10,1,19,0,0,0,0
691,0,0.8,1,8,1,40,0.6,159,5,3,1430,1906,2572,19,0,13,0,0,0,2
1976,1,1.9,1,2,0,60,0.3,159,6,20,1161,667,542,17,2,18,1,0,0,1
1501,1,2.1,0,17,1,36,0.4,146,4,7,187,1929,960,18,6,20,1,0,1,0
1278,1,0.7,1,1,0,23,0.7,103,1,6,1741,650,2208,18,12,18,1,0,1,1
516,1,2.6,1,4,0,14,0.5,113,6,0,1941,1706,859,8,9,8,1,0,1,0
1869,0,0.9,0,8,0,20,0.6,170,6,20,1934,823,1270,18,6,9,0,1,0,1
1711,1,1.1,1,12,0,41,1.0,169,4,19,997,1114,1502,6,9,14,1,0,1,1
839,0,0.8,1,10,1,37,0.4,136,3,11,1570,1374,3649,10,1,11,0,1,1,3
1024,0,2.4,1,17,0,37,1.0,192,6,3,900,1161,2227,8,7,16,1,0,1,2
1890,0,2.5,1,10,0,39,0.2,153,4,12,555,960,3904,19,17,7,0,1,0,3
1585,1,2.2,0,8,1,3,0.4,87,3,1,965,1431,2944,11,17,19,0,0,0,2
681,1,2.3,1,14,0,62,0.8,160,3,10,1486,1488,2686,6,16,15,0,0,0,3
644,1,0.8,0,13,1,20,0.6,119,7,20,1618,1297,2363,11,4,6,0,0,0,2
822,0,2.9,1,2,1,14,0.4,167,6,8,835,1943,521,10,9,17,1,0,1,0
1285,0,2.0,1,14,0,60,0.2,161,2,8,1560,1490,3438,7,17,15,1,1,0,3
1501,0,0.6,1,16,1,54,0.5,181,6,1,1221,835,2029,17,3,17,1,1,1,2
1945,0,2.0,0,18,1,39,0.5,87,1,3,690,889,975,14,11,4,1,1,1,0
1095,0,0.8,0,11,0,40,0.2,113,1,18,97,510,814,15,14,7,0,0,1,0
682,1,1.2,0,3,0,50,0.5,171,5,18,1270,561,2658,12,2,8,0,1,1,2
1334,0,2.7,0,7,1,4,0.6,92,4,6,1921,1669,3719,5,11,14,0,0,1,3
1328,0,0.8,1,3,0,30,0.6,179,8,12,973,1683,2527,12,4,7,1,0,0,2
1258,0,2.9,0,8,0,20,1.0,95,6,17,725,1650,3445,12,10,14,0,1,1,3
859,1,2.4,1,16,0,41,0.8,117,5,3,200,1752,1994,17,13,18,0,0,1,1
1966,0,2.6,1,17,0,9,0.7,108,5,3,497,626,2046,14,15,2,0,1,1,1
724,1,2.1,0,15,1,63,0.3,114,4,7,804,1355,2667,8,0,13,0,1,0,2
1416,1,2.5,0,9,0,12,0.3,105,7,15,1813,990,3447,5,9,13,1,1,0,3
1011,0,1.4,1,18,1,51,1.0,191,1,13,846,1127,937,13,13,8,0,0,1,0
1406,0,1.1,1,7,0,14,0.2,143,7,11,1096,1290,3929,17,9,2,0,0,0,3
1505,0,0.7,1,19,1,5,0.9,176,3,7,1115,650,3719,6,8,20,1,0,0,2
533,0,1.8,1,16,1,33,1.0,123,7,16,482,775,1819,14,14,11,1,1,0,1
1744,1,1.2,1,5,0,18,0.2,154,5,11,596,1885,763,10,2,2,0,0,1,0
1318,1,2.8,1,10,1,8,0.5,180,6,1,1605,1210,1393,17,17,12,1,0,0,1
781,0,2.3,1,2,0,7,0.4,120,3,3,457,1947,3240,9,5,17,1,0,1,2
1168,0,0.6,0,5,0,24,0.4,196,1,4,607,1403,1382,9,2,11,1,1,1,0
1949,1,0.7,1,16,0,15,1.0,105,4,13,939,1344,337,12,17,11,0,1,0,0
700,1,1.3,0,10,0,44,0.5,99,1,20,1662,1009,2921,19,14,15,0,1,1,2
1897,1,1.3,1,6,1,41,0.6,81,4,10,1033,709,1846,19,1,12,0,0,1,2
531,0,1.3,1,1,1,44,0.1,195,6,2,93,1188,1815,16,11,8,1,0,1,0
1948,1,2.0,0,6,0,49,0.4,133,5,8,1919,1624,2541,18,17,15,1,0,1,3
990,0,0.9,1,5,1,11,0.3,95,2,10,1305,1044,3824,6,8,18,0,1,0,3
1346,1,2.8,0,11,1,13,0.4,139,6,3,1633,1442,2340,13,3,16,1,0,1,2
763,0,1.2,1,10,0,30,0.1,152,2,13,1393,1876,723,5,6,4,1,1,1,0
641,0,1.0,1,14,0,49,0.8,80,1,16,351,1568,1995,9,3,3,0,1,1,1
1117,0,0.6,0,14,0,26,0.9,173,3,3,288,1913,665,6,10,4,0,1,0,0
1628,1,2.7,1,2,0,12,0.2,80,2,2,1773,1809,2959,18,15,5,1,0,0,3
748,0,2.6,1,3,0,22,0.2,171,3,0,1211,618,2652,17,8,16,1,0,1,1
896,0,2.4,0,16,0,31,0.1,145,3,2,1874,1380,2158,14,13,13,0,0,1,2
1912,1,2.8,0,6,0,64,0.6,105,7,15,945,1069,2557,5,13,13,1,1,0,3
1308,1,2.0,1,9,1,42,0.2,170,7,5,373,1034,2710,18,7,16,0,0,1,2
595,1,2.9,0,7,1,3,0.6,192,2,13,112,1298,3677,10,5,7,0,1,0,2
952,0,2.5,1,13,1,33,0.8,91,4,17,32,992,2332,8,6,8,1,1,0,1
1546,0,1.8,1,7,0,37,0.6,99,8,9,1369,1251,623,18,5,7,1,1,1,1
1658,0,3.0,0,14,1,8,0.3,198,8,13,569,1532,2165,18,16,17,0,0,1,2
936,1,2.8,0,12,1,3,0.6,93,8,14,1545,907,1209,19,1,10,0,0,1,0
1875,0,0.6,1,3,1,45,0.5,198,3,1,810,918,2397,18,3,14,0,0,1,2
1219,0,2.9,1,15,1,41,0.3,132,6,18,383,977,2200,13,17,10,1,1,1,2
1430,0,0.8,1,5,1,61,0.4,90,1,8,1800,1208,796,6,0,8,0,0,0,1
662,1,1.1,0,3,1,19,0.5,159,3,1,98,1859,1467,13,14,2,0,0,1,0
1390,1,1.4,1,19,0,47,1.0,137,1,12,104,1682,3934,14,6,6,0,0,1,3
1424,1,2.9,1,17,0,56,0.9,108,6,10,418,717,2888,7,5,17,0,0,0,3
1593,1,2.7,1,2,0,35,0.8,171,2,13,137,1692,1652,15,1,17,1,1,0,1
1673,1,1.0,1,15,0,38,0.8,164,6,10,713,921,2764,14,7,19,1,1,0,2
1688,1,2.1,0,16,1,13,0.5,94,4,5,672,506,1792,10,8,18,1,1,0,1
853,1,1.9,0,15,0,29,0.6,89,8,2,960,1284,1234,6,6,19,1,0,0,0
1704,0,0.6,1,5,1,15,0.9,158,3,2,1709,1160,598,10,4,11,0,0,0,0
1311,0,2.6,0,18,0,50,0.3,132,7,3,244,975,610,13,11,7,0,1,0,0
1648,1,2.5,0,14,0,13,0.5,123,5,20,208,1430,2112,15,4,9,0,0,0,2
1301,0,1.3,1,8,1,29,0.2,181,7,0,1688,1148,2856,16,5,11,1,0,0,2
1817,0,2.9,0,7,1,29,0.5,99,7,1,1895,826,733,13,11,14,1,1,1,1
800,1,1.4,0,9,0,22,0.3,120,3,15,808,638,1444,11,5,14,1,1,0,0
686,1,2.5,1,11,0,23,0.3,130,4,8,6,1771,554,11,7,2,0,1,0,0
1194,0,2.8,0,12,1,37,0.4,162,3,14,1394,1214,2208,15,13,8,1,0,1,2
722,1,2.0,0,5,1,10,0.9,146,1,20,253,708,3010,6,14,2,0,0,0,2
1954,1,1.9,0,9,0,48,0.1,195,5,15,682,503,3957,14,12,3,1,0,0,3
1723,1,1.1,1,12,1,59,0.2,113,5,13,1531,950,1209,11,1,19,0,1,0,1
1889,0,2.4,0,18,1,35,0.8,122,4,6,1136,960,419,18,1,18,1,0,0,0
1002,0,0.9,0,8,1,19,0.1,193,3,10,1194,841,3931,19,14,19,1,1,1,3
539,1,1.9,1,19,1,52,0.6,188,1,9,1926,1736,3259,10,2,20,0,0,0,3
1919,0,1.4,0,5,0,28,0.7,133,8,1,1942,694,3266,18,8,10,1,0,0,3
1654,1,1.5,0,9,1,22,0.8,148,1,3,940,1240,546,8,4,9,1,0,1,0
1071,1,1.3,0,8,1,2,0.6,122,4,20,871,1862,2722,9,10,2,0,0,1,2
1203,1,0.8,1,2,1,17,1.0,110,8,4,150,1335,3136,14,2,20,0,1,1,2
1481,1,2.7,1,9,0,58,0.2,196,5,2,241,1934,402,5,6,3,1,0,1,0
1493,1,0.6,1,19,1,55,0.4,128,3,7,771,792,3513,5,7,14,0,0,1,3
990,1,2.5,0,9,0,35,1.0,154,7,1,371,711,318,17,14,5,0,0,0,0
1863,1,2.9,1,15,0,60,0.7,154,1,16,1716,827,1212,15,16,8,1,0,1,2
1950,1,2.0,1,8,0,49,0.7,99,4,0,568,1759,717,10,2,3,0,1,1,0
660,1,1.9,1,13,0,42,0.3,148,6,15,824,1999,1089,17,9,13,0,0,0,1
748,1,2.5,1,15,1,51,0.4,199,7,17,856,1591,3340,10,1,4,0,1,1,3
1259,0,2.6,1,15,0,44,0.5,100,5,17,187,729,813,18,3,5,1,0,0,0
1544,0,1.1,0,2,0,59,0.9,174,1,14,1798,816,1649,7,8,3,1,1,1,2
1897,0,0.6,0,13,1,3,0.2,171,8,18,824,1266,792,10,14,9,1,0,0,0
1801,1,1.8,1,12,0,45,0.7,191,1,3,501,1926,3241,14,11,11,1,0,1,3
1793,1,1.3,1,8,0,23,0.6,185,6,10,1608,1760,1401,16,17,7,0,0,1,2
1493,1,1.7,1,12,0,9,0.2,90,8,2,363,1101,871,13,3,3,1,1,0,0
1435,0,1.3,0,6,1,39,0.6,83,8,18,695,576,3033,17,3,8,0,1,1,3
1568,0,1.9,1,1,0,47,1.0,166,1,8,1336,1383,540,16,7,5,0,0,0,0
1782,0,2.6,0,18,1,22,0.7,159,2,8,653,1236,2912,9,8,5,1,1,0,2
1290,0,2.4,0,6,1,7,0.8,150,4,10,1219,1970,1710,19,3,16,1,1,1,1
1488,1,0.9,0,7,0,52,0.7,189,7,6,435,1340,3413,11,7,18,1,1,1,3
1505,0,0.6,1,14,1,26,1.0,82,2,1,1722,1222,3254,15,7,18,1,0,1,3
752,1,1.1,0,19,1,44,0.3,165,8,15,1645,797,890,5,14,19,0,0,1,0
856,0,3.0,1,17,1,44,0.1,181,8,2,153,1750,3709,9,8,16,1,0,1,3
554,1,1.5,0,13,1,13,0.3,143,1,10,1346,1427,3834,17,10,12,1,0,0,3
728,0,1.1,0,14,1,15,0.3,175,4,6,60,815,3827,11,8,15,0,1,0,2
1943,0,2.9,1,15,1,2,0.5,82,1,7,479,1772,3170,10,10,10,1,1,1,2
879,0,1.3,1,11,1,27,0.7,119,5,0,882,1377,2124,19,1,16,1,0,1,1
1234,1,2.1,0,15,1,10,1.0,195,6,17,588,1858,3321,11,3,20,1,1,1,3
1489,1,1.3,0,13,0,7,0.2,181,3,17,1922,1718,1305,7,3,15,1,0,0,1
859,1,1.2,0,1,1,27,0.7,182,3,3,242,1752,2758,12,11,19,1,0,1,1
673,0,0.5,0,10,0,22,0.2,190,8,4,620,1062,2375,14,6,14,0,0,0,1
1758,1,2.9,0,16,0,55,0.3,125,1,18,1422,842,1454,8,3,3,1,0,0,2
1902,0,2.5,0,11,0,7,0.8,113,6,19,1791,826,3881,16,11,9,1,1,1,3
1601,1,1.4,0,12,1,51,0.6,87,6,13,756,1467,3584,13,3,18,1,1,1,3
752,0,0.6,0,6,1,31,0.5,143,2,7,508,1228,429,12,6,2,0,1,0,0
510,0,1.1,1,19,0,5,0.3,160,4,17,1596,1958,2767,15,13,9,0,1,0,2
1475,1,1.2,1,6,1,21,0.9,180,1,1,694,1892,812,16,3,3,0,1,1,0
1986,0,2.6,1,6,0,44,0.8,100,4,17,906,1187,466,13,17,11,0,1,0,1
752,1,1.0,0,8,1,12,0.3,125,8,3,1889,1457,2613,17,12,20,0,0,1,2
1134,1,0.8,1,15,0,60,0.8,134,3,1,994,1681,2135,5,7,20,1,0,1,2
1566,0,2.2,0,10,1,23,0.6,108,6,12,981,1020,3661,11,8,20,0,0,1,3
954,1,2.0,1,19,1,52,0.5,106,2,14,1540,974,2360,10,7,10,0,1,1,2
1978,0,1.2,0,0,0,33,0.7,120,2,20,154,931,547,7,12,16,0,0,1,0
1472,1,0.5,1,4,1,11,0.8,162,3,18,814,1288,1292,15,9,10,1,1,1,0
790,1,1.0,0,4,1,17,0.6,86,3,17,348,1464,1824,5,13,19,0,0,1,0
1980,1,2.5,1,19,0,38,0.7,142,8,11,630,793,1172,6,9,19,1,0,1,1
1688,1,1.9,0,7,0,6,0.3,102,5,5,1134,676,3002,7,3,19,0,1,0,2
1908,1,0.7,1,16,0,35,0.3,144,3,16,1282,1139,1086,16,15,5,1,0,1,1
1060,0,0.7,0,19,0,7,0.5,86,8,4,715,1133,1621,6,16,18,1,0,1,0
1301,0,1.1,0,2,0,37,1.0,85,6,0,1675,518,2238,19,5,8,1,1,0,1
1158,1,0.9,1,11,0,60,0.8,146,6,18,1591,553,3704,18,14,4,1,0,0,3
912,1,1.0,0,17,0,20,0.3,151,8,5,859,1016,3696,14,7,14,0,1,1,3
816,1,2.3,1,3,0,9,0.2,115,4,1,1055,1253,1235,12,16,12,0,1,1,0
1265,1,1.8,1,1,0,41,0.4,171,3,20,1192,887,2593,15,7,20,1,1,0,2
1191,0,2.2,0,14,1,35,0.7,80,7,12,649,1797,2492,10,8,19,1,0,1,2
1224,0,2.9,0,6,0,44,0.7,183,4,0,1909,561,2764,11,9,16,1,0,0,2
1332,0,2.8,0,2,1,42,0.4,115,4,11,1918,1496,1698,14,13,2,1,0,1,2
811,0,1.4,1,5,0,15,1.0,112,3,15,750,1772,2120,18,10,4,0,1,0,1
1780,0,1.4,1,1,1,38,0.6,191,3,3,205,1277,386,12,1,6,1,1,1,0
1564,0,1.2,1,2,1,8,0.9,145,5,1,1677,1561,3883,12,16,10,0,1,0,3
1698,1,0.9,1,13,0,40,0.6,92,8,9,1724,1583,1515,13,7,17,1,0,0,2
1845,1,2.5,1,16,1,38,0.6,88,4,0,233,892,1696,13,14,7,1,1,0,1
1679,0,2.3,1,6,0,8,1.0,129,4,0,1368,1767,3904,19,12,19,1,1,0,3
1661,1,2.7,1,10,0,9,0.4,188,3,6,841,975,1724,8,8,5,1,1,0,1
1069,0,0.7,0,11,0,6,0.7,143,8,18,1536,1394,1469,6,4,4,1,1,0,1
1238,0,2.1,1,19,0,45,0.9,95,4,12,605,558,341,10,7,9,0,1,1,0
1651,1,0.7,0,13,1,34,0.9,145,6,1,382,626,3833,5,6,7,0,0,1,3
974,0,1.8,1,6,0,24,0.7,192,5,14,1090,1936,631,17,2,9,1,0,0,0
959,0,2.1,0,13,1,39,0.9,139,6,15,125,1498,3793,12,2,10,1,0,0,3
827,1,3.0,1,6,1,43,0.2,173,8,3,1592,504,3474,18,12,19,0,0,1,3
1036,0,2.5,1,7,0,41,0.8,141,1,10,1382,646,420,8,7,2,1,1,0,0
1529,1,2.7,1,12,1,62,0.7,105,6,18,1363,1703,420,17,3,7,0,1,0,1
676,1,2.3,1,4,0,11,0.9,104,4,1,606,1346,2857,18,5,2,0,1,1,1
1792,1,0.5,0,10,1,31,0.6,100,2,2,1120,871,572,8,10,5,1,1,0,0
1623,1,2.2,1,14,0,20,0.9,178,1,3,649,1528,2326,11,11,4,1,0,1,2
1685,1,1.9,1,19,1,59,0.9,103,8,1,487,1566,1972,11,15,15,0,0,0,2
1059,0,2.3,1,15,0,31,0.4,128,2,1,1414,568,2413,12,7,10,0,1,1,1
1366,0,1.3,0,17,0,29,0.4,181,3,14,1702,914,2378,19,8,17,0,0,1,2
1700,0,2.8,1,16,0,42,0.5,116,5,17,206,1485,1840,19,5,7,1,0,0,2
1742,0,1.3,0,12,0,39,0.5,123,1,6,224,1630,1346,10,4,15,1,1,1,0
1458,0,2.8,0,3,1,3,1.0,144,2,1,1608,719,2098,12,5,20,1,1,0,1
747,1,2.8,0,13,0,59,0.8,90,6,13,1486,1392,2748,10,5,16,1,0,1,3
1146,1,2.2,0,9,1,21,0.5,112,1,17,1416,950,966,13,7,12,1,1,1,0
1809,1,1.6,1,10,1,60,0.5,187,8,15,430,720,2445,18,15,19,1,1,0,3
1315,0,2.5,1,19,1,19,0.5,168,1,4,0,1714,2860,12,12,10,0,1,1,2
1491,0,1.7,0,19,0,7,0.8,148,8,13,477,1386,2487,10,3,17,0,1,0,2
1226,0,2.2,0,19,0,61,0.3,164,6,0,515,1304,1861,13,15,6,1,0,1,1
1800,0,2.1,1,3,1,23,0.4,147,1,7,1410,1982,2440,11,12,14,0,0,0,2
1830,0,1.9,1,3,0,24,0.1,181,2,18,1077,1054,3622,18,16,3,1,0,1,3
1600,0,1.7,1,5,0,35,1.0,117,6,5,1652,1439,1006,10,16,16,0,0,0,1
1126,0,2.9,1,14,0,25,0.6,160,1,3,1744,1418,2870,11,8,2,1,0,1,2
819,1,1.7,1,18,1,62,0.2,156,1,12,1127,677,543,6,3,9,0,1,1,0
1103,0,1.1,0,6,0,33,0.8,131,8,13,710,1911,2457,5,6,15,1,1,1,2
668,1,1.7,1,17,1,20,0.7,157,8,9,211,1193,329,14,13,14,1,0,1,0
893,1,1.1,1,0,1,60,0.5,101,2,9,979,1702,1480,8,13,9,0,1,0,1
1242,1,0.8,0,11,1,31,0.6,172,5,13,498,1198,1020,12,12,12,1,0,0,0
534,0,0.6,1,11,1,18,0.6,159,2,5,1435,1874,3079,6,13,2,1,1,1,2
969,0,1.9,1,16,1,64,1.0,151,5,1,57,1107,2938,18,11,14,1,0,1,2
1699,0,2.5,1,11,0,21,0.1,161,3,8,764,644,1328,15,10,17,1,0,0,1
692,0,1.2,1,15,1,47,0.5,125,2,11,1776,600,806,15,14,3,0,0,1,0
1527,1,0.6,1,7,1,46,0.9,88,5,16,1903,666,1566,16,1,20,1,1,0,1
1275,0,1.3,0,11,0,53,0.9,128,6,11,651,1982,1533,5,12,17,0,1,1,1
1490,0,2.9,1,11,0,19,0.5,165,6,14,1269,1886,753,6,11,10,0,1,0,1
1082,0,1.2,1,15,1,63,0.8,129,1,12,1764,797,2974,6,1,12,0,0,0,3
1446,0,1.4,1,12,0,2,0.3,82,2,11,949,1689,437,9,7,16,0,1,0,0
1220,0,2.3,1,17,1,4,0.2,138,7,13,1144,721,3116,17,0,4,1,1,0,2
1922,0,1.3,1,7,1,7,0.9,167,5,19,1932,1439,2632,18,8,3,1,1,1,3
1131,1,1.9,0,3,0,59,0.9,178,3,14,277,1522,2266,17,3,2,0,0,0,2
933,0,2.4,0,0,1,63,0.8,141,2,20,614,1497,1276,13,17,13,0,0,0,1
1153,1,1.0,0,16,0,30,0.7,180,3,15,778,854,2953,5,7,20,1,1,1,2
581,1,2.0,1,17,0,39,0.8,117,8,9,567,822,3740,10,5,7,1,1,0,3
1145,0,3.0,0,19,1,41,0.4,136,4,1,128,1474,2989,8,6,8,0,1,0,2
1108,0,1.1,1,16,1,17,0.5,111,6,6,437,1501,1475,13,2,15,0,1,0,0
1862,1,0.6,1,17,0,12,0.9,135,2,16,584,862,3536,13,5,17,1,1,0,3
1231,0,2.5,1,18,0,33,1.0,126,4,17,421,774,1707,14,12,17,1,1,1,1
1904,0,1.4,0,3,1,44,0.4,137,4,0,1018,1650,2743,13,0,15,0,0,1,3
1181,0,2.9,1,14,0,39,0.3,89,2,19,307,903,577,14,3,13,1,1,0,0
1145,1,1.5,0,10,0,30,0.2,148,2,1,506,512,2945,18,12,9,0,1,1,2
1705,0,0.6,1,3,1,2,0.5,195,3,2,1188,1072,650,15,14,19,0,0,1,0
697,1,0.5,0,3,0,29,0.9,85,5,12,1152,563,3910,16,9,15,0,0,0,3
1738,1,0.6,1,7,0,56,0.6,171,4,19,811,871,2767,16,2,6,1,0,0,3
1153,1,1.8,0,16,1,52,0.7,179,8,17,1689,1702,2205,7,1,4,0,0,1,3
1237,0,0.6,0,4,1,16,1.0,110,7,11,852,1377,2192,10,2,18,1,0,1,1
1592,0,1.5,1,13,0,43,0.9,135,4,20,1393,1157,521,8,12,9,1,0,0,1
950,1,2.4,0,10,1,54,0.4,182,2,9,1422,675,3004,16,11,11,0,0,1,2
1825,1,0.7,1,6,1,41,0.1,141,3,6,1309,533,1887,14,4,17,1,0,0,1
765,0,1.8,1,5,0,6,0.4,100,1,0,621,1095,3829,13,11,19,1,0,0,2
1487,0,2.8,1,12,1,21,0.6,132,3,6,938,709,2815,6,15,12,1,0,0,2
1000,1,2.4,0,15,1,63,1.0,97,3,3,791,512,550,6,15,15,1,0,1,0
1805,0,2.5,1,16,1,35,0.5,175,7,5,1475,1744,1810,17,2,6,0,0,0,2
1512,1,2.0,1,4,0,41,0.6,158,1,5,128,1374,2002,14,10,4,1,0,0,1
1190,0,1.2,1,17,1,2,0.5,135,7,11,223,951,1639,5,13,19,0,0,1,0
751,1,1.0,1,9,0,58,0.2,80,6,12,759,1735,2180,9,9,3,0,1,0,2
1422,1,1.5,1,6,1,56,0.6,169,4,15,1109,1938,3307,11,9,6,1,1,1,3
1031,0,2.8,1,18,0,3,0.6,126,7,0,1578,876,2928,5,6,4,1,1,0,2
1936,1,2.3,0,2,1,39,0.2,128,8,9,10,1280,1743,11,13,10,0,1,1,2
967,1,2.8,1,6,1,17,0.1,122,8,10,1634,1540,728,6,12,12,1,1,1,0
514,0,0.9,0,9,0,26,1.0,98,7,1,1189,746,1983,7,1,14,1,1,1,0
595,1,0.7,0,1,0,64,0.5,110,4,1,70,908,3432,12,5,5,0,1,0,2
1274,1,2.7,1,3,1,62,0.6,139,8,2,105,514,3343,11,2,15,1,1,0,3
1842,0,1.6,1,9,1,51,0.3,131,4,8,500,1271,3740,15,15,18,1,0,1,3
1224,0,1.6,1,7,1,47,1.0,139,6,7,685,1860,1866,7,6,18,1,0,1,2
1543,1,0.9,1,8,1,23,1.0,178,4,13,1579,932,902,6,8,4,0,1,1,0
1781,0,1.0,0,7,1,23,0.1,88,7,1,1415,1254,367,13,5,2,1,1,1,0
664,1,0.7,0,4,1,41,0.9,148,5,20,1119,1154,1814,10,15,15,0,1,0,1
1070,1,2.3,1,11,0,41,0.9,83,6,7,617,689,758,8,16,6,1,1,0,0
1861,1,1.3,1,16,1,33,0.7,121,7,5,1951,1527,608,17,9,6,1,1,1,1
1077,0,2.6,0,0,1,11,0.7,178,8,6,639,570,1771,11,0,6,1,1,1,1
502,0,1.2,0,5,1,64,0.3,194,1,12,377,1992,752,5,14,17,0,1,1,0
836,0,1.3,1,2,1,58,0.8,170,3,12,1569,1037,2490,17,4,7,0,0,0,2
545,0,1.6,1,16,0,33,0.1,157,2,18,891,951,3386,16,9,8,0,1,0,2
1107,1,1.5,0,8,0,35,0.2,157,6,13,345,1576,3804,15,5,11,1,0,0,3
1394,0,2.8,1,3,0,36,0.4,106,4,16,1144,1514,1124,10,2,16,1,0,0,1
1222,1,1.7,1,14,1,31,0.6,108,6,3,518,710,1337,19,1,12,0,0,1,0
1485,1,0.7,1,14,0,10,0.7,160,6,7,643,1885,3875,10,13,19,1,0,1,3
1402,1,2.3,1,6,1,56,0.4,170,8,10,648,1354,1055,6,12,17,0,0,0,1
788,1,1.8,0,6,1,12,0.6,122,1,20,1601,722,2293,18,9,5,0,0,1,1
1051,0,1.3,0,11,0,46,0.4,128,6,19,1618,1555,2576,13,6,11,0,0,1,3
1439,1,2.3,1,6,1,52,0.7,114,2,1,217,1649,3709,5,6,3,1,1,0,3
1711,0,0.7,0,3,0,18,0.3,191,5,4,1735,889,1920,16,4,7,1,1,0,1
1989,0,1.9,0,11,0,61,0.2,174,7,8,1562,586,3448,9,17,2,1,1,1,3
1251,0,2.1,0,18,1,14,0.8,179,2,16,269,1366,2079,6,14,8,1,1,0,1
1864,0,1.3,0,5,0,57,0.8,113,5,19,1583,1346,1134,9,0,14,1,1,1,2
1964,0,1.0,0,16,1,35,0.6,104,2,20,1848,846,2826,12,10,11,0,0,0,3
1614,1,1.6,0,6,1,52,0.1,110,4,13,1900,583,1992,6,10,10,0,1,0,2
1677,0,1.6,1,15,0,29,0.1,112,8,19,92,1677,1086,7,3,4,1,0,0,1
1595,1,1.2,1,9,1,63,1.0,125,1,16,927,1896,933,6,13,18,1,0,0,1
1730,0,2.8,0,1,1,39,0.1,97,3,20,1640,1515,2462,15,3,14,1,0,0,3
1648,0,1.6,0,1,1,57,0.5,109,2,19,790,1606,751,15,7,7,1,1,0,1
895,0,1.2,1,13,0,46,0.9,186,5,4,1900,971,3361,19,17,19,0,1,0,3
1806,1,1.9,0,10,1,9,0.1,196,1,14,677,1610,727,11,15,13,0,0,0,0
956,1,1.9,1,5,1,48,0.6,167,3,4,1549,1722,1018,16,13,4,0,1,0,1
1868,1,3.0,1,0,0,15,0.4,143,8,2,60,1905,3204,10,7,12,1,1,0,3
1360,0,2.9,0,8,1,16,0.7,145,8,17,1641,1555,3079,14,4,7,1,1,1,3
1564,1,2.8,1,19,0,51,0.7,184,8,2,1649,912,316,11,3,7,0,0,1,0
1432,0,2.2,0,11,0,63,0.7,157,8,20,1633,1212,2327,12,3,13,1,0,1,3
1295,0,0.6,1,7,1,41,0.5,127,8,12,1386,1453,1546,14,4,19,0,1,0,1
576,0,0.7,0,7,0,62,0.9,122,2,5,567,1497,2253,19,8,6,1,0,0,1
1441,0,0.5,0,0,1,20,0.7,105,8,10,1593,544,2429,12,8,13,0,1,0,2
1558,1,1.1,0,19,0,34,0.8,194,1,20,1753,1447,3471,18,8,13,0,0,1,3
889,0,2.6,0,3,1,62,1.0,123,6,18,326,1013,1876,12,9,14,0,1,1,2
1566,0,2.4,0,14,0,27,0.4,86,2,6,1955,1890,3544,15,6,7,0,0,1,3
1593,1,2.9,1,16,1,4,0.9,149,5,8,1595,1883,3841,9,5,17,1,0,0,3
1802,1,2.7,1,6,1,31,0.3,142,2,12,1863,1983,1544,19,17,2,1,0,0,2
1230,0,1.0,1,7,1,56,0.4,112,4,8,727,1821,302,18,9,17,1,1,1,0
1397,1,0.8,1,12,1,30,0.6,92,7,2,1122,1978,3564,9,16,14,0,1,0,3
629,0,0.6,1,5,1,5,0.6,104,4,20,242,1848,481,10,15,10,1,1,0,0
971,1,0.9,1,17,1,25,0.2,189,1,8,302,1712,1263,14,0,5,1,1,0,0
1148,0,2.6,1,2,1,5,0.4,133,3,3,305,679,2061,15,10,2,0,0,1,1
659,1,2.5,0,13,1,60,0.7,103,1,8,935,1179,1363,12,0,20,1,1,0,1
1613,1,1.6,0,4,0,48,0.7,93,2,14,1357,1470,1055,12,1,8,1,0,1,1
515,1,2.1,0,13,1,52,0.9,193,2,14,624,1639,1555,12,16,2,0,0,0,1
613,0,2.2,1,8,1,12,0.6,194,4,4,554,1861,362,11,7,5,1,0,1,0
1160,1,2.0,0,15,0,4,0.4,117,7,15,1771,1415,2743,9,11,13,0,1,1,2
857,0,0.8,1,0,1,26,0.7,97,8,17,27,1980,2088,13,5,17,1,1,0,1
1684,1,2.1,0,14,0,15,0.8,87,4,11,872,1066,3221,6,4,12,1,1,0,3
1779,1,2.1,1,18,1,34,0.7,131,7,18,1072,1157,3766,14,1,2,0,0,0,3
855,0,2.5,0,14,0,37,0.2,178,7,10,1324,775,3489,16,15,15,0,1,0,3
1573,1,2.9,1,1,1,58,0.7,84,8,12,131,750,1740,13,12,14,0,1,1,2
1395,1,1.5,0,19,0,21,0.9,115,1,14,463,589,441,11,8,9,0,0,1,0
1933,0,1.9,1,17,0,45,0.7,91,2,17,1597,1979,3047,14,13,6,0,1,0,3
819,0,2.8,1,11,0,7,0.8,89,6,0,618,1455,2840,7,6,4,1,1,0,2
711,1,1.8,0,19,1,25,0.5,80,6,2,960,1667,1888,17,10,10,1,0,1,1
1282,0,0.7,1,10,1,42,0.8,180,1,0,509,1405,1755,15,17,20,1,1,0,1
550,0,1.1,1,16,0,19,0.9,149,4,4,438,1505,3840,9,12,6,1,1,0,2
652,1,2.1,0,18,1,53,0.7,187,3,14,911,972,756,17,14,15,0,1,0,0
1165,0,2.3,1,6,0,35,0.9,155,6,17,192,1421,1541,18,0,13,0,0,0,1
1400,0,0.7,0,11,0,38,1.0,169,8,6,690,1664,755,7,9,12,0,1,0,0
1754,1,0.9,1,0,1,20,0.1,198,2,7,996,1804,1839,14,10,5,1,1,0,1
1516,1,2.8,0,8,1,13,0.7,170,8,0,403,1011,863,14,12,7,0,0,1,0
1333,1,1.7,1,1,0,46,0.6,113,4,6,11,691,3445,6,12,3,1,0,1,3
1473,0,1.7,0,16,0,61,0.9,97,2,16,1234,1955,3511,11,15,5,0,1,0,3
1827,1,0.6,1,2,0,42,0.9,176,1,9,1491,1939,3338,15,12,4,0,0,0,3
1030,0,0.8,1,1,0,5,1.0,161,8,13,1960,1058,268,13,9,17,1,1,0,0
1594,1,1.5,1,6,1,8,0.2,109,5,19,396,1651,1250,14,13,13,0,1,0,0
854,1,1.8,0,8,1,9,0.9,197,7,20,911,803,3860,16,3,7,0,0,1,3
1955,0,1.8,1,9,0,46,0.6,104,1,2,713,1582,1905,13,6,14,1,1,0,2
857,0,2.1,1,6,0,18,0.2,190,2,19,1114,944,2329,18,7,7,0,0,0,1
1971,0,0.5,1,10,0,13,0.8,151,7,3,1333,1792,2848,6,9,8,1,0,0,3
533,0,2.5,0,7,1,14,0.3,83,6,13,1790,694,611,7,17,10,0,0,1,0
1800,1,1.0,0,14,1,15,0.2,102,7,3,188,1215,3543,11,17,7,1,1,1,3
800,0,1.6,1,3,1,28,0.5,134,6,0,1794,1627,1398,5,9,20,1,1,1,1
1633,1,2.7,1,1,0,29,0.7,188,5,19,1365,577,2810,18,11,15,1,0,1,3
1134,0,1.1,0,11,0,38,0.5,159,5,9,895,1813,2636,13,10,11,1,1,1,2
535,0,0.8,0,3,0,24,0.7,137,7,2,882,1253,1874,13,1,20,0,0,0,0
1484,1,3.0,1,18,1,38,0.1,87,7,12,1274,1575,1358,6,12,12,0,1,0,2
1599,1,0.6,1,9,1,63,0.4,192,1,9,1632,1733,1828,17,12,12,0,0,1,2
1918,0,2.6,0,19,1,10,0.8,107,2,8,83,854,1248,17,12,20,0,0,0,0
1625,0,1.0,0,7,0,51,1.0,149,8,1,315,1230,1493,16,4,20,0,1,1,1
1140,0,1.2,1,18,0,61,0.6,151,5,8,1930,1173,3200,10,4,11,1,0,1,3
1497,0,2.8,1,12,1,24,0.5,191,1,1,371,679,949,18,10,14,0,1,1,0
784,0,0.8,1,18,0,13,0.7,179,4,12,255,1418,301,5,4,13,0,0,0,0
1393,0,1.3,0,11,0,64,0.5,81,1,5,555,1465,2620,17,7,19,0,0,0,2
1515,1,1.5,0,12,0,50,0.4,107,1,18,398,948,1960,19,1,15,0,0,0,2
1578,0,0.7,0,0,1,14,0.3,120,1,4,1031,1131,3544,6,7,19,1,0,1,2
635,1,1.9,1,18,1,2,0.4,123,4,13,1744,1018,2824,10,17,4,0,0,0,2
1177,0,1.8,0,13,0,57,0.6,183,6,10,821,1361,2116,10,12,7,0,0,0,2
638,1,1.0,0,19,0,59,0.2,109,4,7,1151,1140,2163,6,2,10,1,0,1,1
1262,1,1.7,0,8,1,59,0.3,156,7,0,1677,1043,3867,18,1,19,0,0,0,3
738,0,0.6,1,8,1,55,0.3,88,7,13,561,539,3125,11,3,4,0,1,0,2
1978,0,0.7,1,1,0,43,0.5,199,2,9,1056,753,3982,7,11,13,1,1,1,3
1433,1,1.1,0,19,0,46,0.8,107,8,0,1542,1209,3703,16,15,7,0,0,0,3
1004,0,2.1,0,7,1,19,0.7,159,2,5,1652,695,1121,5,17,9,0,0,0,0
718,1,2.6,1,5,0,30,0.4,166,7,11,185,632,2239,6,8,11,1,1,1,1
883,0,1.0,1,15,0,59,0.3,87,3,7,1077,624,3827,18,9,19,0,0,1,3
638,1,1.4,1,19,0,58,0.5,92,2,9,238,757,821,7,8,4,0,0,0,0
1322,0,0.6,0,15,0,43,0.6,165,4,2,195,1749,1788,5,8,12,1,1,1,1
1149,1,1.1,1,4,1,62,0.2,178,1,17,1062,928,1413,17,1,7,1,0,1,1
862,1,2.8,0,9,0,28,0.4,179,3,8,516,1082,3397,6,15,20,0,0,1,2
631,1,1.9,0,0,0,35,0.8,139,6,16,373,674,375,11,17,20,0,1,1,0
901,0,1.6,0,5,1,18,0.9,175,7,3,1743,1478,3191,11,13,2,1,0,1,3
550,0,1.8,0,5,0,45,0.6,170,7,13,484,1945,2130,18,1,3,0,0,1,1
1241,1,1.3,1,14,0,20,0.8,161,7,14,70,638,1587,12,13,20,0,1,0,1
1631,1,1.0,1,17,1,25,0.8,129,1,6,1439,529,603,10,5,15,1,1,1,0
727,0,1.0,0,18,1,15,0.8,151,5,15,1464,1097,1556,14,15,16,0,0,1,0
1504,1,2.4,0,9,1,29,0.6,159,2,3,1829,928,2859,17,15,3,0,0,0,2
693,1,1.4,0,13,1,29,0.2,182,6,17,285,1610,396,7,11,5,0,0,0,0
877,1,0.9,0,7,0,33,0.2,186,5,8,1650,1224,2580,8,14,3,0,0,1,2
1784,0,0.9,0,7,0,64,0.6,196,7,18,665,1902,2197,18,9,11,0,0,0,3
1264,0,1.2,0,5,0,52,0.6,197,2,1,780,1876,1179,15,8,8,1,1,1,0
1918,1,2.0,0,8,0,11,0.4,168,5,12,1779,1824,2617,11,1,9,1,1,0,3
1239,1,2.6,0,13,0,32,0.6,194,1,12,1526,808,672,19,16,4,1,1,0,0
1369,0,1.1,1,3,1,40,0.5,125,2,15,54,957,3834,6,3,18,0,0,1,3
1075,0,0.8,0,13,0,38,0.8,108,1,13,897,1012,2082,16,1,18,0,0,1,1
797,1,0.9,1,17,0,64,0.5,168,8,4,1500,1763,2248,16,16,6,1,0,0,2
1715,1,1.1,0,17,0,35,0.5,128,3,15,717,1347,1003,15,3,15,0,0,1,1
1205,0,2.9,1,5,0,14,0.3,83,7,6,595,1729,2128,19,17,20,1,0,0,1
1077,1,2.9,1,14,1,43,0.9,184,1,1,1635,1346,1580,6,9,13,1,1,0,1
1867,1,1.6,0,17,0,22,0.7,157,2,12,1878,1270,686,16,14,9,1,0,0,1
1876,0,1.8,1,3,1,17,0.5,195,1,18,1633,1313,1234,14,0,14,1,0,0,1
1793,0,2.0,1,0,1,15,0.8,154,2,10,1950,1429,3400,19,10,16,0,0,1,3
1388,0,1.2,0,0,0,24,0.3,133,3,12,1500,736,1440,16,4,18,1,0,0,1
1259,1,1.3,0,12,0,6,0.4,179,6,3,1148,639,1986,18,16,2,1,0,1,1
1267,0,2.2,1,3,0,52,0.2,177,4,10,1785,1860,3283,7,7,2,0,0,0,3
1586,0,0.6,0,2,0,9,0.9,191,8,20,1367,718,662,8,0,4,1,0,1,0
1914,0,2.2,0,6,1,11,0.7,187,1,17,109,726,1764,18,12,3,0,0,1,1
813,0,0.6,0,10,0,13,1.0,85,5,1,627,1198,1348,13,11,19,1,0,0,0
1685,0,2.7,1,6,1,15,0.3,118,2,7,372,1709,2408,11,14,14,0,1,0,2
1896,0,2.7,0,12,1,62,0.3,120,2,18,961,1666,3398,8,7,10,0,1,0,3
890,1,1.2,1,2,1,35,0.9,87,8,0,834,1485,2499,18,8,15,1,0,1,2
1288,0,2.7,1,7,1,7,0.6,85,1,5,977,1492,2866,5,15,18,1,0,0,2
1718,1,0.9,0,19,0,63,0.7,81,2,0,1270,1473,1045,17,10,8,0,1,0,1
1163,0,2.9,1,10,1,3,0.3,189,5,2,1061,648,3920,11,3,17,0,1,1,3
1644,1,2.2,1,14,0,46,0.5,134,4,16,1278,529,3493,9,1,12,0,0,0,3
840,0,1.7,0,11,1,10,0.8,88,7,14,1690,1304,1657,6,3,18,0,0,0,1
807,1,1.3,1,0,0,6,0.8,154,1,16,492,697,2225,14,7,8,1,0,0,0
630,1,1.4,1,11,1,11,0.2,193,1,15,1754,660,1869,9,3,17,1,0,1,0
888,1,0.9,0,12,1,2,0.3,195,4,17,1778,1725,2263,13,6,14,0,1,0,2
1638,0,1.9,1,9,0,48,0.3,125,4,3,1150,1917,3904,11,15,15,0,1,0,3
1510,1,2.7,0,6,1,57,0.9,138,7,13,23,1367,1864,15,9,6,1,1,0,2
546,1,1.3,0,6,1,26,1.0,151,2,3,1601,1596,1252,19,8,5,0,1,1,0
1607,1,1.0,1,18,1,34,0.5,112,7,14,1053,1613,2651,9,1,2,0,0,0,3
1907,1,2.2,0,16,0,49,0.6,151,5,12,1012,1297,3585,15,17,8,0,0,1,3
817,0,2.3,0,11,1,17,0.8,190,7,15,424,636,2196,6,9,19,0,0,1,1
1557,0,1.3,0,0,1,43,0.9,110,8,15,1442,548,3093,13,0,4,0,1,1,3
1320,1,1.4,1,5,1,28,0.1,191,2,7,1478,642,544,7,1,7,1,1,0,0
1157,0,0.8,1,15,1,35,0.1,122,8,2,517,1960,2433,13,16,6,0,1,0,2
1418,1,2.0,1,18,0,22,0.2,143,3,12,804,1421,848,15,7,6,1,0,1,0
728,0,1.7,0,11,1,44,0.7,124,3,7,123,1517,1138,13,9,15,0,1,0,0
1574,1,0.9,1,17,1,4,0.7,195,6,14,1397,618,1356,10,6,9,1,0,1,0
1426,0,1.7,0,3,1,31,0.5,136,6,20,1510,1760,293,13,5,5,0,0,0,1
791,0,1.2,0,14,1,23,0.8,118,8,19,1217,1297,447,9,10,12,0,0,1,0
983,0,2.9,1,16,1,2,0.8,170,6,1,1210,1173,2007,17,6,7,1,1,1,1
1241,0,2.6,1,7,0,59,0.3,112,7,19,1662,518,3744,10,3,17,0,0,0,3
904,0,2.3,1,12,0,9,0.3,105,2,5,492,636,1185,9,11,15,1,0,1,0
1710,1,1.1,1,2,1,61,0.3,115,3,10,772,1319,2587,5,6,16,1,0,1,3
1025,1,1.7,0,7,1,47,0.3,108,5,15,783,826,3330,17,9,2,0,1,0,3
1187,1,1.3,1,9,0,50,0.5,131,5,16,635,631,1777,18,10,15,0,1,1,1
1697,0,1.4,1,17,0,48,0.6,122,4,11,346,1929,1448,5,6,9,1,1,0,1
1363,0,1.7,1,4,0,15,0.9,191,5,2,1767,1093,1358,9,6,19,0,1,0,1
1795,1,2.2,0,4,1,39,0.9,128,1,19,566,1086,649,10,13,13,1,0,0,0
1468,1,1.3,1,6,0,35,0.4,155,6,13,627,545,1483,19,5,20,0,0,0,1
1999,0,2.5,0,13,0,22,0.8,180,4,17,32,627,3468,14,5,10,1,1,1,3
1715,0,1.9,1,9,1,12,0.4,166,4,19,496,1914,3577,5,14,9,0,0,1,3
1757,1,1.8,0,7,1,10,0.7,147,1,17,123,1103,3206,9,3,16,0,1,0,2
1172,1,0.5,0,6,0,13,0.3,91,5,11,1774,1157,788,17,1,9,1,0,1,0
721,0,2.4,1,5,1,38,1.0,183,6,0,1350,1396,2624,12,5,13,0,1,1,2
728,0,1.2,0,0,0,62,0.9,118,6,10,1868,585,2242,15,3,9,1,1,1,2
808,0,0.9,0,11,0,47,1.0,106,4,8,280,682,834,15,12,16,0,0,0,0
598,0,0.8,0,7,0,15,1.0,113,1,7,885,1531,1966,17,4,2,0,1,0,0
663,1,1.2,0,16,0,26,0.3,197,6,15,843,1572,3683,5,3,14,1,0,0,3
517,0,2.4,1,2,1,61,0.1,103,2,17,623,1460,1708,12,0,8,1,1,0,1
1053,0,2.9,0,2,0,63,0.4,97,3,7,697,1216,1008,11,14,2,1,0,0,1
1278,0,3.0,1,9,0,30,0.9,169,1,8,1824,532,1355,13,4,19,1,1,0,1
615,1,1.6,1,8,1,15,0.4,187,4,2,459,1923,1476,5,11,8,0,0,1,0
1003,1,2.8,0,7,0,44,0.2,185,4,20,1893,1567,2111,7,4,12,0,0,0,3
929,0,2.0,1,13,0,61,0.8,178,5,14,1818,1578,392,18,13,18,0,1,1,1
1077,1,1.5,0,15,0,8,0.1,84,1,7,194,1928,1840,13,11,14,1,0,1,0
1020,0,1.4,0,7,1,64,0.6,128,5,1,50,1381,2477,18,9,9,1,0,0,2
1556,1,1.9,0,16,0,17,0.9,102,8,20,1278,1873,2918,5,12,9,0,0,1,3
940,0,1.2,0,7,1,50,0.2,88,1,1,1609,1513,551,18,6,4,1,0,0,0
1160,1,0.8,1,8,0,31,0.8,105,3,8,110,626,902,15,16,19,0,0,0,0
1426,1,2.3,0,13,1,31,0.4,181,7,4,1741,1560,1689,5,14,10,0,1,0,2
1382,1,1.1,1,12,0,49,0.2,154,3,7,1619,831,3163,5,12,20,0,1,0,3
1875,0,1.4,1,16,0,26,0.8,117,2,20,388,1985,280,10,17,19,0,1,0,0
1462,1,2.8,1,13,1,21,0.9,145,8,11,324,1220,3754,7,15,2,1,1,1,3
1854,1,2.8,0,10,1,58,0.2,92,1,19,425,1447,2798,8,11,5,1,1,1,3
978,0,1.6,1,17,1,29,0.3,157,4,1,491,1802,2855,9,7,15,1,1,1,2
1726,0,2.7,1,14,1,60,0.8,144,1,12,1934,1984,2527,12,10,17,0,0,0,3
1201,0,1.6,0,1,1,42,0.9,197,1,2,1834,605,3706,17,2,7,1,1,0,3
1273,1,1.3,0,14,0,20,0.6,95,4,9,191,1005,2636,15,9,13,1,1,0,1
1564,1,1.0,0,0,0,2,0.9,181,6,14,866,730,1149,6,10,13,0,1,0,0
1086,1,0.7,0,4,1,32,0.3,150,5,12,779,1145,2860,14,0,20,0,1,0,2
1746,1,2.1,1,13,0,38,0.4,122,5,5,155,748,474,8,3,18,1,1,1,0
1131,1,0.8,0,1,1,2,0.4,114,2,14,1107,1163,3598,18,2,5,0,0,1,2
697,0,0.8,0,19,0,6,0.8,181,2,19,1370,919,2825,9,12,8,0,0,0,1
971,0,0.6,1,4,1,40,0.9,172,7,1,284,768,3313,9,3,9,0,1,0,2
812,0,0.5,1,17,1,46,0.6,107,1,7,328,669,290,6,3,13,0,1,0,0
1452,0,2.9,1,0,0,3,0.7,163,5,9,213,1579,2280,11,12,15,1,1,1,1
505,0,1.9,0,4,0,40,0.8,108,6,11,807,575,1457,5,3,17,1,0,1,0
1284,1,0.8,0,7,0,47,0.1,171,1,14,1511,1575,2863,5,13,11,0,1,0,3
1007,1,0.5,0,3,1,13,0.5,128,1,17,96,719,2726,5,5,8,0,1,0,1
1299,1,1.3,1,11,0,4,0.5,134,3,14,167,642,921,6,0,5,0,1,0,0
1003,1,3.0,0,2,1,29,0.7,106,4,11,1836,641,336,9,10,8,1,1,1,0
1651,1,1.7,0,16,1,3,0.7,133,6,0,85,1748,339,6,9,4,0,1,0,0
795,1,2.5,0,18,0,33,0.3,120,5,4,1891,764,3251,9,11,7,1,1,1,3
516,1,0.6,1,19,0,54,0.3,166,5,4,812,1396,754,17,17,8,1,1,1,0
1550,0,1.0,1,1,1,6,0.4,114,8,14,1768,1324,1805,11,4,10,1,0,1,2
1397,0,1.3,0,17,1,17,0.4,197,8,2,962,1266,3142,15,7,6,0,0,0,2
864,1,0.9,1,16,1,8,0.3,155,2,8,798,1759,3451,14,4,19,1,1,1,2
